,IS,DEM,WD,WR,EWA,WC,EWS,NI,IS_t-1,NI_t-1,DEM_t-1,WC_t-1,WR_t-1
,0,1,2,3,4,5,6,7,8,9,10,11,12
0,10.04192438,0.502096219,100.4192438,9993.75,1,100.4192438,0.975661837,1.175702686,10,1.17079,0.5,100,10000
1,10.08402478,0.504201239,100.8402478,9987.473797,1,100.8402478,0.975661837,1.180631777,10.04192438,1.175702686,0.502096219,100.4192438,9993.75
2,10.12630169,0.506315084,101.2630169,9981.171282,1,101.2630169,0.975661837,1.185581532,10.08402478,1.180631777,0.504201239,100.8402478,9987.473797
3,10.16875584,0.508437792,101.6875584,9974.842343,1,101.6875584,0.975661837,1.19055204,10.12630169,1.185581532,0.506315084,101.2630169,9981.171282
4,10.21138798,0.510569399,102.1138798,9968.486871,1,102.1138798,0.975661837,1.195543386,10.16875584,1.19055204,0.508437792,101.6875584,9974.842343
5,10.25419886,0.512709943,102.5419886,9962.104753,1,102.5419886,0.975661837,1.200555659,10.21138798,1.195543386,0.510569399,102.1138798,9968.486871
6,10.29718921,0.514859461,102.9718921,9955.695879,1,102.9718921,0.975661837,1.205588945,10.25419886,1.200555659,0.512709943,102.5419886,9962.104753
7,10.34035981,0.51701799,103.4035981,9949.260136,1,103.4035981,0.975661837,1.210643333,10.29718921,1.205588945,0.514859461,102.9718921,9955.695879
8,10.38371139,0.519185569,103.8371139,9942.797411,1,103.8371139,0.975661837,1.215718911,10.34035981,1.210643333,0.51701799,103.4035981,9949.260136
9,10.42724472,0.521362236,104.2724472,9936.307591,1,104.2724472,0.975661837,1.220815769,10.38371139,1.215718911,0.519185569,103.8371139,9942.797411
10,10.47096057,0.523548028,104.7096057,9929.790563,1,104.7096057,0.975661837,1.225933995,10.42724472,1.220815769,0.521362236,104.2724472,9936.307591
11,10.51485969,0.525742985,105.1485969,9923.246213,1,105.1485969,0.975661837,1.231073678,10.47096057,1.225933995,0.523548028,104.7096057,9929.790563
12,10.55894286,0.527947143,105.5894286,9916.674426,1,105.5894286,0.975661837,1.23623491,10.51485969,1.231073678,0.525742985,105.1485969,9923.246213
13,10.60321085,0.530160542,106.0321085,9910.075086,1,106.0321085,0.975661837,1.24141778,10.55894286,1.23623491,0.527947143,105.5894286,9916.674426
14,10.64766442,0.532383221,106.4766442,9903.44808,1,106.4766442,0.975661837,1.246622379,10.60321085,1.24141778,0.530160542,106.0321085,9910.075086
15,10.69230437,0.534615219,106.9230437,9896.793289,1,106.9230437,0.975661837,1.251848799,10.64766442,1.246622379,0.532383221,106.4766442,9903.44808
16,10.73713147,0.536856573,107.3713147,9890.110599,1,107.3713147,0.975661837,1.257097129,10.69230437,1.251848799,0.534615219,106.9230437,9896.793289
17,10.7821465,0.539107325,107.821465,9883.399892,1,107.821465,0.975661837,1.262367463,10.73713147,1.257097129,0.536856573,107.3713147,9890.110599
18,10.82735026,0.541367513,108.2735026,9876.66105,1,108.2735026,0.975661837,1.267659893,10.7821465,1.262367463,0.539107325,107.821465,9883.399892
19,10.87274354,0.543637177,108.7274354,9869.893956,1,108.7274354,0.975661837,1.272974512,10.82735026,1.267659893,0.541367513,108.2735026,9876.66105
20,10.91832712,0.545916356,109.1832712,9863.098492,1,109.1832712,0.975661837,1.278311411,10.87274354,1.272974512,0.543637177,108.7274354,9869.893956
21,10.96410181,0.548205091,109.6410181,9856.274537,1,109.6410181,0.975661837,1.283670685,10.91832712,1.278311411,0.545916356,109.1832712,9863.098492
22,11.01006841,0.550503421,110.1006841,9849.421974,1,110.1006841,0.975661837,1.289052428,10.96410181,1.283670685,0.548205091,109.6410181,9856.274537
23,11.05622772,0.552811386,110.5622772,9842.540681,1,110.5622772,0.975661837,1.294456734,11.01006841,1.289052428,0.550503421,110.1006841,9849.421974
24,11.10258056,0.555129028,111.0258056,9835.630539,1,111.0258056,0.975661837,1.299883697,11.05622772,1.294456734,0.552811386,110.5622772,9842.540681
25,11.14912772,0.557456386,111.4912772,9828.691426,1,111.4912772,0.975661837,1.305333412,11.10258056,1.299883697,0.555129028,111.0258056,9835.630539
26,11.19587004,0.559793502,111.9587004,9821.723221,1,111.9587004,0.975661837,1.310805975,11.14912772,1.305333412,0.557456386,111.4912772,9828.691426
27,11.24280832,0.562140416,112.4280832,9814.725802,1,112.4280832,0.975661837,1.316301482,11.19587004,1.310805975,0.559793502,111.9587004,9821.723221
28,11.28994338,0.564497169,112.8994338,9807.699047,1,112.8994338,0.975661837,1.321820028,11.24280832,1.316301482,0.562140416,112.4280832,9814.725802
29,11.33727606,0.566863803,113.3727606,9800.642832,1,113.3727606,0.975661837,1.327361711,11.28994338,1.321820028,0.564497169,112.8994338,9807.699047
30,11.38480718,0.569240359,113.8480718,9793.557035,1,113.8480718,0.975661837,1.332926626,11.33727606,1.327361711,0.566863803,113.3727606,9800.642832
31,11.43253757,0.571626879,114.3253757,9786.44153,1,114.3253757,0.975661837,1.338514873,11.38480718,1.332926626,0.569240359,113.8480718,9793.557035
32,11.48046807,0.574023404,114.8046807,9779.296194,1,114.8046807,0.975661837,1.344126548,11.43253757,1.338514873,0.571626879,114.3253757,9786.44153
33,11.52859952,0.576429976,115.2859952,9772.120902,1,115.2859952,0.975661837,1.34976175,11.48046807,1.344126548,0.574023404,114.8046807,9779.296194
34,11.57693276,0.578846638,115.7693276,9764.915527,1,115.7693276,0.975661837,1.355420577,11.52859952,1.34976175,0.576429976,115.2859952,9772.120902
35,11.62546863,0.581273431,116.2546863,9757.679944,1,116.2546863,0.975661837,1.361103129,11.57693276,1.355420577,0.578846638,115.7693276,9764.915527
36,11.67420798,0.583710399,116.7420798,9750.414026,1,116.7420798,0.975661837,1.366809504,11.62546863,1.361103129,0.581273431,116.2546863,9757.679944
37,11.72315168,0.586157584,117.2315168,9743.117646,1,117.2315168,0.975661837,1.372539804,11.67420798,1.366809504,0.583710399,116.7420798,9750.414026
38,11.77230057,0.588615028,117.7230057,9735.790676,1,117.7230057,0.975661837,1.378294127,11.72315168,1.372539804,0.586157584,117.2315168,9743.117646
39,11.82165551,0.591082776,118.2165551,9728.432989,1,118.2165551,0.975661837,1.384072575,11.77230057,1.378294127,0.588615028,117.7230057,9735.790676
40,11.87121737,0.593560869,118.7121737,9721.044454,1,118.7121737,0.975661837,1.38987525,11.82165551,1.384072575,0.591082776,118.2165551,9728.432989
41,11.92098702,0.596049351,119.2098702,9713.624943,1,119.2098702,0.975661837,1.395702251,11.87121737,1.38987525,0.593560869,118.7121737,9721.044454
42,11.97096533,0.598548266,119.7096533,9706.174326,1,119.7096533,0.975661837,1.401553682,11.92098702,1.395702251,0.596049351,119.2098702,9713.624943
43,12.02115317,0.601057658,120.2115317,9698.692473,1,120.2115317,0.975661837,1.407429645,11.97096533,1.401553682,0.598548266,119.7096533,9706.174326
44,12.07155142,0.603577571,120.7155142,9691.179252,1,120.7155142,0.975661837,1.413330243,12.02115317,1.407429645,0.601057658,120.2115317,9698.692473
45,12.12216096,0.606108048,121.2216096,9683.634532,1,121.2216096,0.975661837,1.419255579,12.07155142,1.413330243,0.603577571,120.7155142,9691.179252
46,12.17298268,0.608649134,121.7298268,9676.058182,1,121.7298268,0.975661837,1.425205757,12.12216096,1.419255579,0.606108048,121.2216096,9683.634532
47,12.22401747,0.611200873,122.2401747,9668.450068,1,122.2401747,0.975661837,1.43118088,12.17298268,1.425205757,0.608649134,121.7298268,9676.058182
48,12.27526622,0.613763311,122.7526622,9660.810057,1,122.7526622,0.975661837,1.437181054,12.22401747,1.43118088,0.611200873,122.2401747,9668.450068
49,12.32672983,0.616336491,123.2672983,9653.138015,1,123.2672983,0.975661837,1.443206384,12.27526622,1.437181054,0.613763311,122.7526622,9660.810057
50,12.37840919,0.61892046,123.7840919,9645.433809,1,123.7840919,0.975661837,1.449256974,12.32672983,1.443206384,0.616336491,123.2672983,9653.138015
51,12.43030523,0.621515261,124.3030523,9637.697303,1,124.3030523,0.975661837,1.455332931,12.37840919,1.449256974,0.61892046,123.7840919,9645.433809
52,12.48241883,0.624120942,124.8241883,9629.928363,1,124.8241883,0.975661837,1.461434362,12.43030523,1.455332931,0.621515261,124.3030523,9637.697303
53,12.53475092,0.626737546,125.3475092,9622.126851,1,125.3475092,0.975661837,1.467561373,12.48241883,1.461434362,0.624120942,124.8241883,9629.928363
54,12.58730241,0.62936512,125.8730241,9614.292632,1,125.8730241,0.975661837,1.473714071,12.53475092,1.467561373,0.626737546,125.3475092,9622.126851
55,12.64007422,0.632003711,126.4007422,9606.425568,1,126.4007422,0.975661837,1.479892563,12.58730241,1.473714071,0.62936512,125.8730241,9614.292632
56,12.69306727,0.634653364,126.9306727,9598.525521,1,126.9306727,0.975661837,1.486096959,12.64007422,1.479892563,0.632003711,126.4007422,9606.425568
57,12.7462825,0.637314125,127.462825,9590.592354,1,127.462825,0.975661837,1.492327367,12.69306727,1.486096959,0.634653364,126.9306727,9598.525521
58,12.79972082,0.639986041,127.9972082,9582.625928,1,127.9972082,0.975661837,1.498583896,12.7462825,1.492327367,0.637314125,127.462825,9590.592354
59,12.85338319,0.64266916,128.5338319,9574.626102,1,128.5338319,0.975661837,1.504866654,12.79972082,1.498583896,0.639986041,127.9972082,9582.625928
60,12.90727053,0.645363527,129.0727053,9566.592738,1,129.0727053,0.975661837,1.511175753,12.85338319,1.504866654,0.64266916,128.5338319,9574.626102
61,12.9613838,0.64806919,129.613838,9558.525694,1,129.613838,0.975661837,1.517511303,12.90727053,1.511175753,0.645363527,129.0727053,9566.592738
62,13.01572393,0.650786196,130.1572393,9550.424829,1,130.1572393,0.975661837,1.523873414,12.9613838,1.517511303,0.64806919,129.613838,9558.525694
63,13.07029188,0.653514594,130.7029188,9542.290001,1,130.7029188,0.975661837,1.530262198,13.01572393,1.523873414,0.650786196,130.1572393,9550.424829
64,13.12508861,0.65625443,131.2508861,9534.121069,1,131.2508861,0.975661837,1.536677767,13.07029188,1.530262198,0.653514594,130.7029188,9542.290001
65,13.18011506,0.659005753,131.8011506,9525.917888,1,131.8011506,0.975661837,1.543120233,13.12508861,1.536677767,0.65625443,131.2508861,9534.121069
66,13.23537222,0.661768611,132.3537222,9517.680316,1,132.3537222,0.975661837,1.549589708,13.18011506,1.543120233,0.659005753,131.8011506,9525.917888
67,13.29086104,0.664543052,132.9086104,9509.408209,1,132.9086104,0.975661837,1.556086307,13.23537222,1.549589708,0.661768611,132.3537222,9517.680316
68,13.34658249,0.667329125,133.4658249,9501.101421,1,133.4658249,0.975661837,1.562610143,13.29086104,1.556086307,0.664543052,132.9086104,9509.408209
69,13.40253756,0.670126878,134.0253756,9492.759807,1,134.0253756,0.975661837,1.569161329,13.34658249,1.562610143,0.667329125,133.4658249,9501.101421
70,13.45872721,0.67293636,134.5872721,9484.383221,1,134.5872721,0.975661837,1.575739981,13.40253756,1.569161329,0.670126878,134.0253756,9492.759807
71,13.51515243,0.675757622,135.1515243,9475.971516,1,135.1515243,0.975661837,1.582346214,13.45872721,1.575739981,0.67293636,134.5872721,9484.383221
72,13.57181422,0.678590711,135.7181422,9467.524546,1,135.7181422,0.975661837,1.588980143,13.51515243,1.582346214,0.675757622,135.1515243,9475.971516
73,13.62871356,0.681435678,136.2871356,9459.042162,1,136.2871356,0.975661837,1.595641885,13.57181422,1.588980143,0.678590711,135.7181422,9467.524546
74,13.68585145,0.684292572,136.8585145,9450.524216,1,136.8585145,0.975661837,1.602331555,13.62871356,1.595641885,0.681435678,136.2871356,9459.042162
75,13.74322889,0.687161444,137.4322889,9441.970559,1,137.4322889,0.975661837,1.609049272,13.68585145,1.602331555,0.684292572,136.8585145,9450.524216
76,13.80084687,0.690042344,138.0084687,9433.381041,1,138.0084687,0.975661837,1.615795153,13.74322889,1.609049272,0.687161444,137.4322889,9441.970559
77,13.85870643,0.692935321,138.5870643,9424.755512,1,138.5870643,0.975661837,1.622569316,13.80084687,1.615795153,0.690042344,138.0084687,9433.381041
78,13.91680855,0.695840428,139.1680855,9416.09382,1,139.1680855,0.975661837,1.629371879,13.85870643,1.622569316,0.692935321,138.5870643,9424.755512
79,13.97515427,0.698757713,139.7515427,9407.395815,1,139.7515427,0.975661837,1.636202962,13.91680855,1.629371879,0.695840428,139.1680855,9416.09382
80,14.03374459,0.70168723,140.3374459,9398.661343,1,140.3374459,0.975661837,1.643062683,13.97515427,1.636202962,0.698757713,139.7515427,9407.395815
81,14.09258056,0.704629028,140.9258056,9389.890253,1,140.9258056,0.975661837,1.649951164,14.03374459,1.643062683,0.70168723,140.3374459,9398.661343
82,14.15166319,0.70758316,141.5166319,9381.08239,1,141.5166319,0.975661837,1.656868524,14.09258056,1.649951164,0.704629028,140.9258056,9389.890253
83,14.21099353,0.710549676,142.1099353,9372.237601,1,142.1099353,0.975661837,1.663814886,14.15166319,1.656868524,0.70758316,141.5166319,9381.08239
84,14.2705726,0.71352863,142.705726,9363.35573,1,142.705726,0.975661837,1.670790369,14.21099353,1.663814886,0.710549676,142.1099353,9372.237601
85,14.33040146,0.716520073,143.3040146,9354.436622,1,143.3040146,0.975661837,1.677795098,14.2705726,1.670790369,0.71352863,142.705726,9363.35573
86,14.39048115,0.719524058,143.9048115,9345.480121,1,143.9048115,0.975661837,1.684829193,14.33040146,1.677795098,0.716520073,143.3040146,9354.436622
87,14.45081272,0.722540636,144.5081272,9336.48607,1,144.5081272,0.975661837,1.691892778,14.39048115,1.684829193,0.719524058,143.9048115,9345.480121
88,14.51139723,0.725569862,145.1139723,9327.454312,1,145.1139723,0.975661837,1.698985977,14.45081272,1.691892778,0.722540636,144.5081272,9336.48607
89,14.57223574,0.728611787,145.7223574,9318.384689,1,145.7223574,0.975661837,1.706108914,14.51139723,1.698985977,0.725569862,145.1139723,9327.454312
90,14.63332931,0.731666465,146.3332931,9309.277041,1,146.3332931,0.975661837,1.713261714,14.57223574,1.706108914,0.728611787,145.7223574,9318.384689
91,14.69467901,0.734733951,146.9467901,9300.131211,1,146.9467901,0.975661837,1.720444502,14.63332931,1.713261714,0.731666465,146.3332931,9309.277041
92,14.75628592,0.737814296,147.5628592,9290.947036,1,147.5628592,0.975661837,1.727657403,14.69467901,1.720444502,0.734733951,146.9467901,9300.131211
93,14.81815112,0.740907556,148.1815112,9281.724358,1,148.1815112,0.975661837,1.734900544,14.75628592,1.727657403,0.737814296,147.5628592,9290.947036
94,14.88027568,0.744013784,148.8027568,9272.463013,1,148.8027568,0.975661837,1.742174052,14.81815112,1.734900544,0.740907556,148.1815112,9281.724358
95,14.94266069,0.747133035,149.4266069,9263.162841,1,149.4266069,0.975661837,1.749478053,14.88027568,1.742174052,0.744013784,148.8027568,9272.463013
96,15.00530726,0.750265363,150.0530726,9253.823678,1,150.0530726,0.975661837,1.756812677,14.94266069,1.749478053,0.747133035,149.4266069,9263.162841
97,15.06821647,0.753410823,150.6821647,9244.445361,1,150.6821647,0.975661837,1.76417805,15.00530726,1.756812677,0.750265363,150.0530726,9253.823678
98,15.13138942,0.756569471,151.3138942,9235.027726,1,151.3138942,0.975661837,1.771574303,15.06821647,1.76417805,0.753410823,150.6821647,9244.445361
99,15.19482722,0.759741361,151.9482722,9225.570607,1,151.9482722,0.975661837,1.779001564,15.13138942,1.771574303,0.756569471,151.3138942,9235.027726
100,15.25853098,0.762926549,152.5853098,9216.07384,1,152.5853098,0.975661837,1.786459964,15.19482722,1.779001564,0.759741361,151.9482722,9225.570607
101,15.32250182,0.766125091,153.2250182,9206.537258,1,153.2250182,0.975661837,1.793949632,15.25853098,1.786459964,0.762926549,152.5853098,9216.07384
102,15.38674085,0.769337043,153.8674085,9196.960695,1,153.8674085,0.975661837,1.801470701,15.32250182,1.793949632,0.766125091,153.2250182,9206.537258
103,15.45124921,0.77256246,154.5124921,9187.343982,1,154.5124921,0.975661837,1.809023302,15.38674085,1.801470701,0.769337043,153.8674085,9196.960695
104,15.51602801,0.775801401,155.1602801,9177.686951,1,155.1602801,0.975661837,1.816607566,15.45124921,1.809023302,0.77256246,154.5124921,9187.343982
105,15.5810784,0.77905392,155.810784,9167.989433,1,155.810784,0.975661837,1.824223628,15.51602801,1.816607566,0.775801401,155.1602801,9177.686951
106,15.6464015,0.782320075,156.464015,9158.251259,1,156.464015,0.975661837,1.831871619,15.5810784,1.824223628,0.77905392,155.810784,9167.989433
107,15.71199847,0.785599924,157.1199847,9148.472258,1,157.1199847,0.975661837,1.839551675,15.6464015,1.831871619,0.782320075,156.464015,9158.251259
108,15.77787046,0.788893523,157.7787046,9138.652259,1,157.7787046,0.975661837,1.847263929,15.71199847,1.839551675,0.785599924,157.1199847,9148.472258
109,15.84401861,0.79220093,158.4401861,9128.79109,1,158.4401861,0.975661837,1.855008516,15.77787046,1.847263929,0.788893523,157.7787046,9138.652259
110,15.91044408,0.795522204,159.1044408,9118.888579,1,159.1044408,0.975661837,1.862785572,15.84401861,1.855008516,0.79220093,158.4401861,9128.79109
111,15.97714804,0.798857402,159.7714804,9108.944551,1,159.7714804,0.975661837,1.870595233,15.91044408,1.862785572,0.795522204,159.1044408,9118.888579
112,16.04413166,0.802206583,160.4413166,9098.958834,1,160.4413166,0.975661837,1.878437635,15.97714804,1.870595233,0.798857402,159.7714804,9108.944551
113,16.1113961,0.805569805,161.113961,9088.931251,1,161.113961,0.975661837,1.886312917,16.04413166,1.878437635,0.802206583,160.4413166,9098.958834
114,16.17894254,0.808947127,161.7894254,9078.861629,1,161.7894254,0.975661837,1.894221216,16.1113961,1.886312917,0.805569805,161.113961,9088.931251
115,16.24677217,0.812338609,162.4677217,9068.74979,1,162.4677217,0.975661837,1.90216267,16.17894254,1.894221216,0.808947127,161.7894254,9078.861629
116,16.31488618,0.815744309,163.1488618,9058.595557,1,163.1488618,0.975661837,1.910137418,16.24677217,1.90216267,0.812338609,162.4677217,9068.74979
117,16.38328575,0.819164287,163.8328575,9048.398753,1,163.8328575,0.975661837,1.9181456,16.31488618,1.910137418,0.815744309,163.1488618,9058.595557
118,16.45197208,0.822598604,164.5197208,9038.1592,1,164.5197208,0.975661837,1.926187356,16.38328575,1.9181456,0.819164287,163.8328575,9048.398753
119,16.52094638,0.826047319,165.2094638,9027.876717,1,165.2094638,0.975661837,1.934262826,16.45197208,1.926187356,0.822598604,164.5197208,9038.1592
120,16.59020984,0.829510492,165.9020984,9017.551126,1,165.9020984,0.975661837,1.942372153,16.52094638,1.934262826,0.826047319,165.2094638,9027.876717
121,16.6597637,0.832988185,166.597637,9007.182244,1,166.597637,0.975661837,1.950515478,16.59020984,1.942372153,0.829510492,165.9020984,9017.551126
122,16.72960915,0.836480458,167.2960915,8996.769892,1,167.2960915,0.975661837,1.958692943,16.6597637,1.950515478,0.832988185,166.597637,9007.182244
123,16.79974743,0.839987372,167.9974743,8986.313886,1,167.9974743,0.975661837,1.966904693,16.72960915,1.958692943,0.836480458,167.2960915,8996.769892
124,16.87017977,0.843508988,168.7017977,8975.814044,1,168.7017977,0.975661837,1.975150869,16.79974743,1.966904693,0.839987372,167.9974743,8986.313886
125,16.94090738,0.847045369,169.4090738,8965.270182,1,169.4090738,0.975661837,1.983431618,16.87017977,1.975150869,0.843508988,168.7017977,8975.814044
126,17.01193153,0.850596576,170.1193153,8954.682115,1,170.1193153,0.975661837,1.991747083,16.94090738,1.983431618,0.847045369,169.4090738,8965.270182
127,17.08325343,0.854162672,170.8325343,8944.049658,1,170.8325343,0.975661837,2.000097411,17.01193153,1.991747083,0.850596576,170.1193153,8954.682115
128,17.15487435,0.857743718,171.5487435,8933.372624,1,171.5487435,0.975661837,2.008482746,17.08325343,2.000097411,0.854162672,170.8325343,8944.049658
129,17.22679554,0.861339777,172.2679554,8922.650828,1,172.2679554,0.975661837,2.016903238,17.15487435,2.008482746,0.857743718,171.5487435,8933.372624
130,17.29901826,0.864950913,172.9901826,8911.884081,1,172.9901826,0.975661837,2.025359031,17.22679554,2.016903238,0.861339777,172.2679554,8922.650828
131,17.37154377,0.868577188,173.7154377,8901.072194,1,173.7154377,0.975661837,2.033850276,17.29901826,2.025359031,0.864950913,172.9901826,8911.884081
132,17.44437333,0.872218667,174.4437333,8890.214979,1,174.4437333,0.975661837,2.042377119,17.37154377,2.033850276,0.868577188,173.7154377,8901.072194
133,17.51750824,0.875875412,175.1750824,8879.312246,1,175.1750824,0.975661837,2.050939711,17.44437333,2.042377119,0.872218667,174.4437333,8890.214979
134,17.59094976,0.879547488,175.9094976,8868.363803,1,175.9094976,0.975661837,2.059538202,17.51750824,2.050939711,0.875875412,175.1750824,8879.312246
135,17.66469918,0.883234959,176.6469918,8857.36946,1,176.6469918,0.975661837,2.068172741,17.59094976,2.059538202,0.879547488,175.9094976,8868.363803
136,17.73875779,0.886937889,177.3875779,8846.329023,1,177.3875779,0.975661837,2.076843481,17.66469918,2.068172741,0.883234959,176.6469918,8857.36946
137,17.81312689,0.890656344,178.1312689,8835.242299,1,178.1312689,0.975661837,2.085550572,17.73875779,2.076843481,0.886937889,177.3875779,8846.329023
138,17.88780778,0.894390389,178.8780778,8824.109095,1,178.8780778,0.975661837,2.094294167,17.81312689,2.085550572,0.890656344,178.1312689,8835.242299
139,17.96280176,0.898140088,179.6280176,8812.929215,1,179.6280176,0.975661837,2.103074419,17.88780778,2.094294167,0.894390389,178.8780778,8824.109095
140,18.03811016,0.901905508,180.3811016,8801.702464,1,180.3811016,0.975661837,2.111891483,17.96280176,2.103074419,0.898140088,179.6280176,8812.929215
141,18.11373428,0.905686714,181.1373428,8790.428645,1,181.1373428,0.975661837,2.120745511,18.03811016,2.111891483,0.901905508,180.3811016,8801.702464
142,18.18967546,0.909483773,181.8967546,8779.107561,1,181.8967546,0.975661837,2.12963666,18.11373428,2.120745511,0.905686714,181.1373428,8790.428645
143,18.26593501,0.913296751,182.6593501,8767.739014,1,182.6593501,0.975661837,2.138565084,18.18967546,2.12963666,0.909483773,181.8967546,8779.107561
144,18.34251428,0.917125714,183.4251428,8756.322805,1,183.4251428,0.975661837,2.147530941,18.26593501,2.138565084,0.913296751,182.6593501,8767.739014
145,18.41941461,0.92097073,184.1941461,8744.858733,1,184.1941461,0.975661837,2.156534387,18.34251428,2.147530941,0.917125714,183.4251428,8756.322805
146,18.49663734,0.924831867,184.9663734,8733.346599,1,184.9663734,0.975661837,2.165575579,18.41941461,2.156534387,0.92097073,184.1941461,8744.858733
147,18.57418382,0.928709191,185.7418382,8721.786201,1,185.7418382,0.975661837,2.174654676,18.49663734,2.165575579,0.924831867,184.9663734,8733.346599
148,18.65205541,0.932602771,186.5205541,8710.177336,1,186.5205541,0.975661837,2.183771837,18.57418382,2.174654676,0.928709191,185.7418382,8721.786201
149,18.73025348,0.936512674,187.3025348,8698.519801,1,187.3025348,0.975661837,2.192927221,18.65205541,2.183771837,0.932602771,186.5205541,8710.177336
150,18.80877939,0.940438969,188.0877939,8686.813393,1,188.0877939,0.975661837,2.202120989,18.73025348,2.192927221,0.936512674,187.3025348,8698.519801
151,18.88763451,0.944381726,188.8763451,8675.057906,1,188.8763451,0.975661837,2.211353302,18.80877939,2.202120989,0.940438969,188.0877939,8686.813393
152,18.96682024,0.948341012,189.6682024,8663.253134,1,189.6682024,0.975661837,2.22062432,18.88763451,2.211353302,0.944381726,188.8763451,8675.057906
153,19.04633794,0.952316897,190.4633794,8651.398871,1,190.4633794,0.975661837,2.229934207,18.96682024,2.22062432,0.948341012,189.6682024,8663.253134
154,19.12618903,0.956309451,191.2618903,8639.49491,1,191.2618903,0.975661837,2.239283126,19.04633794,2.229934207,0.952316897,190.4633794,8651.398871
155,19.20637488,0.960318744,192.0637488,8627.541042,1,192.0637488,0.975661837,2.248671239,19.12618903,2.239283126,0.956309451,191.2618903,8639.49491
156,19.28689691,0.964344846,192.8689691,8615.537058,1,192.8689691,0.975661837,2.258098712,19.20637488,2.248671239,0.960318744,192.0637488,8627.541042
157,19.36775653,0.968387826,193.6775653,8603.482747,1,193.6775653,0.975661837,2.267565709,19.28689691,2.258098712,0.964344846,192.8689691,8615.537058
158,19.44895515,0.972447757,194.4895515,8591.377899,1,194.4895515,0.975661837,2.277072396,19.36775653,2.267565709,0.968387826,193.6775653,8603.482747
159,19.53049419,0.976524709,195.3049419,8579.222302,1,195.3049419,0.975661837,2.28661894,19.44895515,2.277072396,0.972447757,194.4895515,8591.377899
160,19.61237508,0.980618754,196.1237508,8567.015743,1,196.1237508,0.975661837,2.296205507,19.53049419,2.28661894,0.976524709,195.3049419,8579.222302
161,19.69459925,0.984729962,196.9459925,8554.758009,1,196.9459925,0.975661837,2.305832265,19.61237508,2.296205507,0.980618754,196.1237508,8567.015743
162,19.77716814,0.988858407,197.7716814,8542.448884,1,197.7716814,0.975661837,2.315499383,19.69459925,2.305832265,0.984729962,196.9459925,8554.758009
163,19.8600832,0.99300416,198.600832,8530.088154,1,198.600832,0.975661837,2.325207031,19.77716814,2.315499383,0.988858407,197.7716814,8542.448884
164,19.94334588,0.997167294,199.4334588,8517.675602,1,199.4334588,0.975661837,2.334955377,19.8600832,2.325207031,0.99300416,198.600832,8530.088154
165,20.02695764,1.001347882,200.2695764,8505.211011,1,200.2695764,0.975661837,2.344744593,19.94334588,2.334955377,0.997167294,199.4334588,8517.675602
166,20.11091993,1.005545997,201.1091993,8492.694163,1,201.1091993,0.975661837,2.35457485,20.02695764,2.344744593,1.001347882,200.2695764,8505.211011
167,20.19523424,1.009761712,201.9523424,8480.124838,1,201.9523424,0.975661837,2.364446319,20.11091993,2.35457485,1.005545997,201.1091993,8492.694163
168,20.27990202,1.013995101,202.7990202,8467.502816,1,202.7990202,0.975661837,2.374359175,20.19523424,2.364446319,1.009761712,201.9523424,8480.124838
169,20.36492478,1.018246239,203.6492478,8454.827878,1,203.6492478,0.975661837,2.38431359,20.27990202,2.374359175,1.013995101,202.7990202,8467.502816
170,20.45030399,1.022515199,204.5030399,8442.0998,1,204.5030399,0.975661837,2.394309738,20.36492478,2.38431359,1.018246239,203.6492478,8454.827878
171,20.53604115,1.026802057,205.3604115,8429.31836,1,205.3604115,0.975661837,2.404347795,20.45030399,2.394309738,1.022515199,204.5030399,8442.0998
172,20.62213775,1.031106888,206.2213775,8416.483334,1,206.2213775,0.975661837,2.414427936,20.53604115,2.404347795,1.026802057,205.3604115,8429.31836
173,20.70859532,1.035429766,207.0859532,8403.594498,1,207.0859532,0.975661837,2.424550338,20.62213775,2.414427936,1.031106888,206.2213775,8416.483334
174,20.79541536,1.039770768,207.9541536,8390.651626,1,207.9541536,0.975661837,2.434715177,20.70859532,2.424550338,1.035429766,207.0859532,8403.594498
175,20.88259938,1.044129969,208.8259938,8377.654491,1,208.8259938,0.975661837,2.444922632,20.79541536,2.434715177,1.039770768,207.9541536,8390.651626
176,20.97014892,1.048507446,209.7014892,8364.602867,1,209.7014892,0.975661837,2.455172882,20.88259938,2.444922632,1.044129969,208.8259938,8377.654491
177,21.05806551,1.052903276,210.5806551,8351.496523,1,210.5806551,0.975661837,2.465466105,20.97014892,2.455172882,1.048507446,209.7014892,8364.602867
178,21.14635069,1.057317534,211.4635069,8338.335232,1,211.4635069,0.975661837,2.475802482,21.05806551,2.465466105,1.052903276,210.5806551,8351.496523
179,21.235006,1.0617503,212.35006,8325.118763,1,212.35006,0.975661837,2.486182195,21.14635069,2.475802482,1.057317534,211.4635069,8338.335232
180,21.32403299,1.06620165,213.2403299,8311.846885,1,213.2403299,0.975661837,2.496605423,21.235006,2.486182195,1.0617503,212.35006,8325.118763
181,21.41343323,1.070671661,214.1343323,8298.519364,1,214.1343323,0.975661837,2.507072351,21.32403299,2.496605423,1.06620165,213.2403299,8311.846885
182,21.50320827,1.075160414,215.0320827,8285.135968,1,215.0320827,0.975661837,2.517583161,21.41343323,2.507072351,1.070671661,214.1343323,8298.519364
183,21.59335969,1.079667985,215.9335969,8271.696463,1,215.9335969,0.975661837,2.528138037,21.50320827,2.517583161,1.075160414,215.0320827,8285.135968
184,21.68388907,1.084194454,216.8388907,8258.200613,1,216.8388907,0.975661837,2.538737165,21.59335969,2.528138037,1.079667985,215.9335969,8271.696463
185,21.77479799,1.0887399,217.7479799,8244.648183,1,217.7479799,0.975661837,2.549380728,21.68388907,2.538737165,1.084194454,216.8388907,8258.200613
186,21.86608804,1.093304402,218.6608804,8231.038934,1,218.6608804,0.975661837,2.560068915,21.77479799,2.549380728,1.0887399,217.7479799,8244.648183
187,21.95776082,1.097888041,219.5776082,8217.372629,1,219.5776082,0.975661837,2.570801911,21.86608804,2.560068915,1.093304402,218.6608804,8231.038934
188,22.04981794,1.102490897,220.4981794,8203.649028,1,220.4981794,0.975661837,2.581579905,21.95776082,2.570801911,1.097888041,219.5776082,8217.372629
189,22.142261,1.10711305,221.42261,8189.867892,1,221.42261,0.975661837,2.592403085,22.04981794,2.581579905,1.102490897,220.4981794,8203.649028
190,22.23509163,1.111754582,222.3509163,8176.028979,1,222.3509163,0.975661837,2.603271641,22.142261,2.592403085,1.10711305,221.42261,8189.867892
191,22.32831145,1.116415572,223.2831145,8162.132047,1,223.2831144,0.975661837,2.614185763,22.23509163,2.603271641,1.111754582,222.3509163,8176.028979
192,22.42192208,1.121096104,224.2192208,8148.176852,1,224.2192208,0.975661837,2.625145642,22.32831145,2.614185763,1.116415572,223.2831144,8162.132047
193,22.51592518,1.125796259,225.1592518,8134.163151,1,225.1592517,0.975661837,2.63615147,22.42192208,2.625145642,1.121096104,224.2192208,8148.176852
194,22.61032238,1.130516119,226.1032238,8120.090697,1,226.1032237,0.975661837,2.64720344,22.51592518,2.63615147,1.125796259,225.1592517,8134.163151
195,22.70511534,1.135255767,227.0511534,8105.959246,1,227.0511533,0.975661837,2.658301744,22.61032238,2.64720344,1.130516119,226.1032237,8120.090697
196,22.80030571,1.140015286,228.0030571,8091.768549,1,228.003057,0.975661837,2.669446578,22.70511534,2.658301744,1.135255767,227.0511533,8105.959246
197,22.89589517,1.144794758,228.9589517,8077.518358,0.999999999,228.9589516,0.975661837,2.680638136,22.80030571,2.669446578,1.140015286,228.003057,8091.768549
198,22.99188538,1.149594269,229.9188538,8063.208423,0.999999999,229.9188536,0.975661837,2.691876614,22.89589517,2.680638136,1.144794758,228.9589516,8077.518358
199,23.08827803,1.154413901,230.8827803,8048.838495,0.999999999,230.8827801,0.975661837,2.703162209,22.99188538,2.691876614,1.149594269,229.9188536,8063.208423
200,23.18507479,1.15925374,231.8507479,8034.408321,0.999999999,231.8507478,0.975661837,2.714495119,23.08827803,2.703162209,1.154413901,230.8827801,8048.838495
201,23.28227738,1.164113869,232.8227738,8019.91765,0.999999999,232.8227736,0.975661837,2.725875541,23.18507479,2.714495119,1.15925374,231.8507478,8034.408321
202,23.37988749,1.168994374,233.7988749,8005.366226,0.999999999,233.7988746,0.975661837,2.737303676,23.28227738,2.725875541,1.164113869,232.8227736,8019.91765
203,23.47790682,1.173895341,234.7790682,7990.753796,0.999999999,234.7790679,0.975661837,2.748779722,23.37988749,2.737303676,1.168994374,233.7988746,8005.366226
204,23.57633709,1.178816855,235.7633709,7976.080105,0.999999999,235.7633706,0.975661837,2.760303881,23.47790682,2.748779722,1.173895341,234.7790679,7990.753796
205,23.67518003,1.183759001,236.7518003,7961.344894,0.999999998,236.7517999,0.975661836,2.771876355,23.57633709,2.760303881,1.178816855,235.7633706,7976.080105
206,23.77443736,1.188721868,237.7443736,7946.547907,0.999999998,237.7443732,0.975661836,2.783497346,23.67518003,2.771876355,1.183759001,236.7517999,7961.344894
207,23.87411083,1.193705542,238.7411083,7931.688883,0.999999998,238.7411078,0.975661836,2.795167058,23.77443736,2.783497346,1.188721868,237.7443732,7946.547907
208,23.97420218,1.198710109,239.7420218,7916.767564,0.999999997,239.7420211,0.975661836,2.806885694,23.87411083,2.795167058,1.193705542,238.7411078,7931.688883
209,24.07471315,1.203735658,240.7471315,7901.783688,0.999999997,240.7471308,0.975661836,2.818653461,23.97420218,2.806885694,1.198710109,239.7420211,7916.767564
210,24.17564551,1.208782276,241.7564551,7886.736992,0.999999997,241.7564543,0.975661836,2.830470563,24.07471315,2.818653461,1.203735658,240.7471308,7901.783688
211,24.27700103,1.213850052,242.7700103,7871.627214,0.999999996,242.7700094,0.975661836,2.842337208,24.17564551,2.830470563,1.208782276,241.7564543,7886.736992
212,24.37878148,1.218939074,243.7878148,7856.454088,0.999999995,243.7878137,0.975661836,2.854253604,24.27700103,2.842337208,1.213850052,242.7700094,7871.627214
213,24.48098864,1.224049432,244.8098864,7841.21735,0.999999995,244.8098851,0.975661836,2.866219958,24.37878148,2.854253604,1.218939074,243.7878137,7856.454088
214,24.58362429,1.229181215,245.8362429,7825.916732,0.999999994,245.8362415,0.975661836,2.878236481,24.48098864,2.866219958,1.224049432,244.8098851,7841.21735
215,24.68669025,1.234334512,246.8669025,7810.551967,0.999999993,246.8669008,0.975661836,2.890303383,24.58362429,2.878236481,1.229181215,245.8362415,7825.916732
216,24.7901883,1.239509415,247.901883,7795.122786,0.999999992,247.9018811,0.975661835,2.902420875,24.68669025,2.890303383,1.234334512,246.8669008,7810.551967
217,24.89412027,1.244706013,248.9412027,7779.628918,0.999999991,248.9412005,0.975661835,2.914589168,24.7901883,2.902420875,1.239509415,247.9018811,7795.122786
218,24.99848797,1.249924398,249.9848797,7764.070093,0.99999999,249.9848771,0.975661835,2.926808477,24.89412027,2.914589168,1.244706013,248.9412005,7779.628918
219,25.10329322,1.255164661,251.0329322,7748.446038,0.999999988,251.0329293,0.975661835,2.939079015,24.99848797,2.926808477,1.249924398,249.9848771,7764.070093
220,25.20853787,1.260426893,252.0853787,7732.75648,0.999999987,252.0853753,0.975661835,2.951400996,25.10329322,2.939079015,1.255164661,251.0329293,7748.446038
221,25.31422375,1.265711188,253.1422375,7717.001144,0.999999985,253.1422336,0.975661834,2.963774637,25.20853787,2.951400996,1.260426893,252.0853753,7732.75648
222,25.42035272,1.271017636,254.2035272,7701.179754,0.999999983,254.2035227,0.975661834,2.976200154,25.31422375,2.963774637,1.265711188,253.1422336,7717.001144
223,25.52692662,1.276346331,255.2692662,7685.292034,0.99999998,255.2692612,0.975661833,2.988677764,25.42035272,2.976200154,1.271017636,254.2035227,7701.179754
224,25.63394734,1.281697367,256.3394734,7669.337705,0.999999977,256.3394676,0.975661833,3.001207686,25.52692662,2.988677764,1.276346331,255.2692612,7685.292034
225,25.74141673,1.287070837,257.4141673,7653.316489,0.999999974,257.4141607,0.975661832,3.013790138,25.63394734,3.001207686,1.281697367,256.3394676,7669.337705
226,25.84933669,1.292466834,258.4933669,7637.228104,0.999999971,258.4933593,0.975661832,3.026425342,25.74141673,3.013790138,1.287070837,257.4141607,7653.316489
227,25.9577091,1.297885455,259.577091,7621.072269,0.999999967,259.5770823,0.975661831,3.039113519,25.84933669,3.026425342,1.292466834,258.4933593,7637.228104
228,26.06653585,1.303326792,260.6653585,7604.848701,0.999999962,260.6653486,0.97566183,3.05185489,25.9577091,3.039113519,1.297885455,259.5770823,7621.072269
229,26.17581886,1.308790943,261.7581886,7588.557117,0.999999957,261.7581772,0.97566183,3.064649678,26.06653585,3.05185489,1.303326792,260.6653486,7604.848701
230,26.28556003,1.314278001,262.8556003,7572.197231,0.999999951,262.8555873,0.975661829,3.077498107,26.17581886,3.064649678,1.308790943,261.7581772,7588.557117
231,26.39576128,1.319788064,263.9576128,7555.768757,0.999999944,263.9575981,0.975661827,3.090400403,26.28556003,3.077498107,1.314278001,262.8555873,7572.197231
232,26.50642455,1.325321228,265.0642455,7539.271407,0.999999936,265.0642287,0.975661826,3.10335679,26.39576128,3.090400403,1.319788064,263.9575981,7555.768757
233,26.61755178,1.330877589,266.1755178,7522.704892,0.999999928,266.1754986,0.975661825,3.116367497,26.50642455,3.10335679,1.325321228,265.0642287,7539.271407
234,26.7291449,1.336457245,267.291449,7506.068924,0.999999918,267.2914271,0.975661823,3.129432749,26.61755178,3.116367497,1.330877589,266.1754986,7522.704892
235,26.84120587,1.342060293,268.4120587,7489.363209,0.999999907,268.4120338,0.975661821,3.142552776,26.7291449,3.129432749,1.336457245,267.2914271,7506.068924
236,26.95373665,1.347686832,269.5373665,7472.587457,0.999999895,269.5373382,0.975661819,3.155727808,26.84120587,3.142552776,1.342060293,268.4120338,7489.363209
237,27.06673921,1.35333696,270.6673921,7455.741374,0.999999881,270.6673599,0.975661817,3.168958075,26.95373665,3.155727808,1.347686832,269.5373382,7472.587457
238,27.18021553,1.359010776,271.8021553,7438.824664,0.999999865,271.8021187,0.975661814,3.182243808,27.06673921,3.168958075,1.35333696,270.6673599,7455.741374
239,27.29416759,1.36470838,272.9416759,7421.837031,0.999999848,272.9416344,0.975661812,3.195585239,27.18021553,3.182243808,1.359010776,271.8021187,7438.824664
240,27.40859739,1.37042987,274.0859739,7404.778179,0.999999828,274.0859268,0.975661808,3.208982603,27.29416759,3.195585239,1.36470838,272.9416344,7421.837031
241,27.52350694,1.376175347,275.2350694,7387.647809,0.999999806,275.2350159,0.975661804,3.222436134,27.40859739,3.208982603,1.37042987,274.0859268,7404.778179
242,27.63889824,1.381944912,276.3889824,7370.44562,0.99999978,276.3889217,0.9756618,3.235946066,27.52350694,3.222436134,1.376175347,275.2350159,7387.647809
243,27.75477331,1.387738666,277.5477331,7353.171313,0.999999752,277.5476643,0.975661796,3.249512636,27.63889824,3.235946066,1.381944912,276.3889217,7370.44562
244,27.87113418,1.393556709,278.7113418,7335.824584,0.99999972,278.7112639,0.97566179,3.263136081,27.75477331,3.249512636,1.387738666,277.5476643,7353.171313
245,27.9879829,1.399399145,279.879829,7318.40513,0.999999685,279.8797407,0.975661784,3.27681664,27.87113418,3.263136081,1.393556709,278.7112639,7335.824584
246,28.10532149,1.405266074,281.0532149,7300.912646,0.999999644,281.0531149,0.975661778,3.290554551,27.9879829,3.27681664,1.399399145,279.8797407,7318.40513
247,28.22315202,1.411157601,282.2315202,7283.346826,0.999999599,282.2314071,0.97566177,3.304350055,28.10532149,3.290554551,1.405266074,281.0531149,7300.912646
248,28.34147655,1.417073827,283.4147655,7265.707363,0.999999549,283.4146376,0.975661762,3.318203393,28.22315202,3.304350055,1.411157601,282.2314071,7283.346826
249,28.46029714,1.423014857,284.6029714,7247.993948,0.999999492,284.6028269,0.975661753,3.332114807,28.34147655,3.318203393,1.417073827,283.4146376,7265.707363
250,28.57961589,1.428980795,285.7961589,7230.206272,0.999999429,285.7959957,0.975661742,3.346084539,28.46029714,3.332114807,1.423014857,284.6028269,7247.993948
251,28.69943488,1.434971744,286.9943488,7212.344022,0.999999358,286.9941645,0.97566173,3.360112835,28.57961589,3.346084539,1.428980795,285.7959957,7230.206272
252,28.81975619,1.44098781,288.1975619,7194.406887,0.999999278,288.1973539,0.975661717,3.374199938,28.69943488,3.360112835,1.434971744,286.9941645,7212.344022
253,28.94058195,1.447029098,289.4058195,7176.394552,0.999999189,289.4055849,0.975661702,3.388346094,28.81975619,3.374199938,1.44098781,288.1973539,7194.406887
254,29.06191426,1.453095713,290.6191426,7158.306703,0.99999909,290.6188781,0.975661686,3.402551552,28.94058195,3.388346094,1.447029098,289.4055849,7176.394552
255,29.18375525,1.459187763,291.8375525,7140.143023,0.999998979,291.8372545,0.975661667,3.416816557,29.06191426,3.402551552,1.453095713,290.6188781,7158.306703
256,29.30610705,1.465305353,293.0610705,7121.903195,0.999998854,293.0607348,0.975661647,3.43114136,29.18375525,3.416816557,1.459187763,291.8372545,7140.143023
257,29.4289718,1.47144859,294.289718,7103.586899,0.999998716,294.28934,0.975661624,3.44552621,29.30610705,3.43114136,1.465305353,293.0607348,7121.903195
258,29.55235166,1.477617583,295.5235166,7085.193815,0.999998561,295.5230912,0.975661598,3.459971357,29.4289718,3.44552621,1.47144859,294.28934,7103.586899
259,29.67624877,1.483812438,296.7624877,7066.723622,0.999998388,296.7620092,0.975661569,3.474477053,29.55235166,3.459971357,1.477617583,295.5230912,7085.193815
260,29.8006653,1.490033265,298.006653,7048.175996,0.999998195,298.0061152,0.975661537,3.489043551,29.67624877,3.474477053,1.483812438,296.7620092,7066.723622
261,29.92560345,1.496280172,299.2560345,7029.550614,0.99999798,299.2554301,0.975661502,3.503671104,29.8006653,3.489043551,1.490033265,298.0061152,7048.175996
262,30.05106538,1.502553269,300.5106538,7010.84715,0.999997741,300.509975,0.975661462,3.518359967,29.92560345,3.503671104,1.496280172,299.2554301,7029.550614
263,30.1770533,1.508852665,301.770533,6992.065276,0.999997475,301.7697709,0.975661418,3.533110393,30.05106538,3.518359967,1.502553269,300.509975,7010.84715
264,30.30356941,1.51517847,303.0356941,6973.204666,0.999997178,303.034839,0.975661369,3.547922641,30.1770533,3.533110393,1.508852665,301.7697709,6992.065276
265,30.43061592,1.521530796,304.3061592,6954.264988,0.999996848,304.3052001,0.975661314,3.562796966,30.30356941,3.547922641,1.51517847,303.034839,6973.204666
266,30.55819505,1.527909753,305.5819505,6935.245913,0.999996481,305.5808753,0.975661253,3.577733626,30.43061592,3.562796966,1.521530796,304.3052001,6954.264988
267,30.68630905,1.534315452,306.8630905,6916.147108,0.999996074,306.8618856,0.975661186,3.59273288,30.55819505,3.577733626,1.527909753,305.5808753,6935.245913
268,30.81496014,1.540748007,308.1496014,6896.968241,0.999995621,308.1482519,0.97566111,3.607794987,30.68630905,3.59273288,1.534315452,306.8618856,6916.147108
269,30.94415057,1.547207529,309.4415057,6877.708975,0.999995118,309.439995,0.975661027,3.622920207,30.81496014,3.607794987,1.540748007,308.1482519,6896.968241
270,31.07388261,1.553694131,310.7388261,6858.368975,0.99999456,310.7371356,0.975660934,3.638108802,30.94415057,3.622920207,1.547207529,309.439995,6877.708975
271,31.20415853,1.560207927,312.0415853,6838.947904,0.99999394,312.0396944,0.975660832,3.653361032,31.07388261,3.638108802,1.553694131,310.7371356,6858.368975
272,31.3349806,1.56674903,313.349806,6819.445423,0.999993253,313.3476919,0.975660718,3.66867716,31.20415853,3.653361032,1.560207927,312.0396944,6838.947904
273,31.46635111,1.573317555,314.6635111,6799.861193,0.999992492,314.6611485,0.975660592,3.684057448,31.3349806,3.66867716,1.56674903,313.3476919,6819.445423
274,31.59827235,1.579913618,315.9827235,6780.194871,0.999991648,315.9800845,0.975660452,3.699502161,31.46635111,3.684057448,1.573317555,314.6611485,6799.861193
275,31.73074664,1.586537332,317.3074664,6760.446115,0.999990714,317.3045199,0.975660297,3.715011561,31.59827235,3.699502161,1.579913618,315.9800845,6780.194871
276,31.86377627,1.593188814,318.6377627,6740.614583,0.99998968,318.6344744,0.975660125,3.730585914,31.73074664,3.715011561,1.586537332,317.3045199,6760.446115
277,31.99736359,1.59986818,319.9736359,6720.699928,0.999988536,319.9699677,0.975659935,3.746225484,31.86377627,3.730585914,1.593188814,318.6344744,6740.614583
278,32.13151092,1.606575546,321.3151092,6700.701805,0.99998727,321.311019,0.975659726,3.761930536,31.99736359,3.746225484,1.59986818,319.9699677,6720.699928
279,32.26622061,1.613311031,322.6622061,6680.619867,0.999985871,322.6576473,0.975659493,3.777701335,32.13151092,3.761930536,1.606575546,321.311019,6700.701805
280,32.40149501,1.62007475,324.0149501,6660.453764,0.999984325,324.0098712,0.975659237,3.793538148,32.26622061,3.777701335,1.613311031,322.6576473,6680.619867
281,32.53733647,1.626866823,325.3733647,6640.203147,0.999982618,325.3677089,0.975658954,3.809441239,32.40149501,3.793538148,1.62007475,324.0098712,6660.453764
282,32.67374737,1.633687368,326.7374737,6619.867665,0.999980732,326.7311782,0.975658641,3.825410875,32.53733647,3.809441239,1.626866823,325.3677089,6640.203147
283,32.81073009,1.640536504,328.1073009,6599.446966,0.999978652,328.1002964,0.975658296,3.841447321,32.67374737,3.825410875,1.633687368,326.7311782,6619.867665
284,32.94828701,1.647414351,329.4828701,6578.940698,0.999976357,329.4750801,0.975657915,3.857550843,32.81073009,3.841447321,1.640536504,328.1002964,6599.446966
285,33.08642055,1.654321027,330.8642055,6558.348505,0.999973826,330.8555454,0.975657496,3.873721705,32.94828701,3.857550843,1.647414351,329.4750801,6578.940698
286,33.22513309,1.661256654,332.2513309,6537.670034,0.999971037,332.2417078,0.975657033,3.889960172,33.08642055,3.873721705,1.654321027,330.8555454,6558.348505
287,33.36442706,1.668221353,333.6442706,6516.904927,0.999967964,333.6335819,0.975656523,3.906266508,33.22513309,3.889960172,1.661256654,332.2417078,6537.670034
288,33.50430488,1.675215244,335.0430488,6496.052828,0.99996458,335.0311815,0.975655962,3.922640977,33.36442706,3.906266508,1.668221353,333.6335819,6516.904927
289,33.64476899,1.682238449,336.4476899,6475.113379,0.999960855,336.4345196,0.975655344,3.939083839,33.50430488,3.922640977,1.675215244,335.0311815,6496.052828
290,33.78582182,1.689291091,337.8582182,6454.086222,0.999956756,337.8436079,0.975654664,3.955595357,33.64476899,3.939083839,1.682238449,336.4345196,6475.113379
291,33.92746584,1.696373292,339.2746584,6432.970996,0.999952248,339.2584574,0.975653916,3.97217579,33.78582182,3.955595357,1.689291091,337.8436079,6454.086222
292,34.0697035,1.703485175,340.697035,6411.767343,0.999947292,340.6790776,0.975653094,3.988825396,33.92746584,3.97217579,1.696373292,339.2584574,6432.970996
293,34.21253726,1.710626863,342.1253726,6390.4749,0.999941846,342.1054766,0.97565219,4.00554443,34.0697035,3.988825396,1.703485175,340.6790776,6411.767343
294,34.35596961,1.71779848,343.5596961,6369.093308,0.999935863,343.5376612,0.975651198,4.022333148,34.21253726,4.00554443,1.710626863,342.1054766,6390.4749
295,34.50000303,1.725000151,345.0000303,6347.622204,0.999929294,344.9756366,0.975650108,4.039191801,34.35596961,4.022333148,1.71779848,343.5376612,6369.093308
296,34.64464,1.732232,346.4464,6326.061227,0.999922083,346.4194061,0.975648912,4.056120637,34.50000303,4.039191801,1.725000151,344.9756366,6347.622204
297,34.78988304,1.739494152,347.8988304,6304.410014,0.999914173,347.8689713,0.975647599,4.073119903,34.64464,4.056120637,1.732232,346.4194061,6326.061227
298,34.93573465,1.746786733,349.3573465,6282.668203,0.999905497,349.3243313,0.975646159,4.09018984,34.78988304,4.073119903,1.739494152,347.8689713,6304.410014
299,35.08219735,1.754109867,350.8219735,6260.835433,0.999895987,350.7854833,0.975644581,4.107330688,34.93573465,4.09018984,1.746786733,349.3243313,6282.668203
300,35.22927365,1.761463682,352.2927365,6238.91134,0.999885565,352.2524219,0.975642851,4.12454268,35.08219735,4.107330688,1.754109867,350.7854833,6260.835433
301,35.37696609,1.768848304,353.7696609,6216.895564,0.99987415,353.7251388,0.975640957,4.141826045,35.22927365,4.12454268,1.761463682,352.2524219,6238.91134
302,35.52527719,1.77626386,355.2527719,6194.787742,0.999861651,355.203623,0.975638882,4.159181007,35.37696609,4.141826045,1.768848304,353.7251388,6216.895564
303,35.67420952,1.783710476,356.7420952,6172.587516,0.999847971,356.6878599,0.975636611,4.176607785,35.52527719,4.159181007,1.77626386,355.203623,6194.787742
304,35.8237656,1.79118828,358.237656,6150.294525,0.999833004,358.1778318,0.975634126,4.194106591,35.67420952,4.176607785,1.783710476,356.6878599,6172.587516
305,35.97394799,1.7986974,359.7394799,6127.90841,0.999816637,359.6735169,0.975631409,4.211677628,35.8237656,4.194106591,1.79118828,358.1778318,6150.294525
306,36.12475926,1.806237963,361.2475926,6105.428815,0.999798744,361.1748893,0.975628438,4.229321092,35.97394799,4.211677628,1.7986974,359.6735169,6127.90841
307,36.27620195,1.813810098,362.7620195,6082.855385,0.999779192,362.6819186,0.975625191,4.247037173,36.12475926,4.229321092,1.806237963,361.1748893,6105.428815
308,36.42827864,1.821413932,364.2827864,6060.187765,0.999757834,364.1945697,0.975621643,4.264826048,36.27620195,4.247037173,1.813810098,362.6819186,6082.855385
309,36.5809919,1.829049595,365.809919,6037.425604,0.999734515,365.7128018,0.975617769,4.282687886,36.42827864,4.264826048,1.821413932,364.1945697,6060.187765
310,36.7343443,1.836717215,367.343443,6014.568554,0.999709062,367.2365687,0.97561354,4.300622843,36.5809919,4.282687886,1.829049595,365.7128018,6037.425604
311,36.8883384,1.84441692,368.883384,5991.616269,0.999681292,368.7658179,0.975608926,4.318631063,36.7343443,4.300622843,1.836717215,367.2365687,6014.568554
312,37.04297678,1.852148839,370.4297678,5968.568405,0.999651006,370.30049,0.975603892,4.336712677,36.8883384,4.318631063,1.84441692,368.7658179,5991.616269
313,37.19826202,1.859913101,371.9826202,5945.424624,0.999617988,371.8405185,0.975598403,4.354867801,37.04297678,4.336712677,1.852148839,370.30049,5968.568405
314,37.35419669,1.867709834,373.5419669,5922.184592,0.999582007,373.3858289,0.97559242,4.373096536,37.19826202,4.354867801,1.859913101,371.8405185,5945.424624
315,37.51078336,1.875539168,375.1078336,5898.847978,0.999542811,374.9363382,0.9755859,4.391398962,37.35419669,4.373096536,1.867709834,373.3858289,5922.184592
316,37.6680246,1.88340123,376.680246,5875.414457,0.999500129,376.4919543,0.975578799,4.409775145,37.51078336,4.391398962,1.875539168,374.9363382,5898.847978
317,37.82592297,1.891296148,378.2592297,5851.883709,0.999453669,378.0525751,0.975571068,4.428225126,37.6680246,4.409775145,1.88340123,376.4919543,5875.414457
318,37.98448103,1.899224051,379.8448103,5828.255423,0.999403118,379.6180876,0.975562652,4.446748926,37.82592297,4.428225126,1.891296148,378.0525751,5851.883709
319,38.14370133,1.907185067,381.4370133,5804.529293,0.999348134,381.1883675,0.975553496,4.46534654,37.98448103,4.446748926,1.899224051,379.6180876,5828.255423
320,38.30358642,1.915179321,383.0358642,5780.70502,0.999288353,382.763278,0.975543536,4.484017939,38.14370133,4.46534654,1.907185067,381.1883675,5804.529293
321,38.46413884,1.923206942,384.6413884,5756.782315,0.999223381,384.3426687,0.975532708,4.502763062,38.30358642,4.484017939,1.915179321,382.763278,5780.70502
322,38.62536109,1.931268055,386.2536109,5732.760898,0.999152795,385.9263748,0.975520938,4.52158182,38.46413884,4.502763062,1.923206942,384.3426687,5756.782315
323,38.7872557,1.939362785,387.872557,5708.6405,0.999076138,387.5142162,0.97550815,4.540474089,38.62536109,4.52158182,1.931268055,385.9263748,5732.760898
324,38.94982516,1.947491258,389.4982516,5684.420861,0.99899292,389.1059957,0.975494261,4.559439708,38.7872557,4.540474089,1.939362785,387.5142162,5708.6405
325,39.11307194,1.955653597,391.1307194,5660.101737,0.998902615,390.7014983,0.975479179,4.578478477,38.94982516,4.559439708,1.947491258,389.1059957,5684.420861
326,39.27699849,1.963849925,392.7699849,5635.682893,0.998804656,392.3004896,0.975462809,4.597590155,39.11307194,4.578478477,1.955653597,390.7014983,5660.101737
327,39.44160726,1.972080363,394.4160726,5611.164112,0.998698436,393.9027147,0.975445047,4.616774453,39.27699849,4.597590155,1.963849925,392.3004896,5635.682893
328,39.60690064,1.980345032,396.0690064,5586.545193,0.998583302,395.5078961,0.97542578,4.636031032,39.44160726,4.616774453,1.972080363,393.9027147,5611.164112
329,39.77288101,1.988644051,397.7288101,5561.825949,0.998458554,397.1157327,0.975404887,4.655359502,39.60690064,4.636031032,1.980345032,395.5078961,5586.545193
330,39.93955073,1.996977537,399.3955073,5537.006216,0.998323442,398.7258978,0.975382239,4.67475941,39.77288101,4.655359502,1.988644051,397.1157327,5561.825949
331,40.1069121,2.005345605,401.069121,5512.085847,0.998177162,400.338037,0.975357696,4.694230246,39.93955073,4.67475941,1.996977537,398.7258978,5537.006216
332,40.27496739,2.013748369,402.7496739,5487.06472,0.998018852,401.9517671,0.975331108,4.713771427,40.1069121,4.694230246,2.005345605,400.338037,5512.085847
333,40.44371883,2.022185941,404.4371883,5461.942735,0.997847589,403.5666732,0.975302313,4.733382301,40.27496739,4.713771427,2.013748369,401.9517671,5487.06472
334,40.6131686,2.03065843,406.131686,5436.719818,0.997662386,405.182307,0.975271137,4.753062134,40.44371883,4.733382301,2.022185941,403.5666732,5461.942735
335,40.78331883,2.039165942,407.8331883,5411.395923,0.997462188,406.7981845,0.975237394,4.772810108,40.6131686,4.753062134,2.03065843,405.182307,5436.719818
336,40.95417159,2.04770858,409.5417159,5385.971037,0.997245867,408.4137834,0.975200883,4.792625314,40.78331883,4.772810108,2.039165942,406.7981845,5411.395923
337,41.12572889,2.056286444,411.2572889,5360.445175,0.997012216,410.0285409,0.975161388,4.812506742,40.95417159,4.792625314,2.04770858,408.4137834,5385.971037
338,41.29799266,2.064899633,412.9799266,5334.818392,0.996759949,411.6418507,0.975118677,4.832453276,41.12572889,4.812506742,2.056286444,410.0285409,5360.445175
339,41.47096476,2.073548238,414.7096476,5309.090776,0.996487694,413.2530604,0.975072502,4.852463685,41.29799266,4.832453276,2.064899633,411.6418507,5334.818392
340,41.64464698,2.082232349,416.4464698,5283.26246,0.996193986,414.8614685,0.975022595,4.872536612,41.47096476,4.852463685,2.073548238,413.2530604,5309.090776
341,41.81904099,2.09095205,418.1904099,5257.333618,0.995877265,416.4663216,0.974968669,4.892670566,41.64464698,4.872536612,2.082232349,414.8614685,5283.26246
342,41.9941484,2.09970742,419.941484,5231.304473,0.99553587,418.0668107,0.974910414,4.912863912,41.81904099,4.892670566,2.09095205,416.4663216,5257.333618
343,42.16997068,2.108498534,421.6997068,5205.175297,0.995168034,419.6620683,0.9748475,4.933114857,41.9941484,4.912863912,2.09970742,418.0668107,5231.304473
344,42.3465092,2.11732546,423.465092,5178.946418,0.994771878,421.251165,0.974779569,4.953421441,42.16997068,4.933114857,2.108498534,419.6620683,5205.175297
345,42.5237652,2.12618826,425.237652,5152.61822,0.994345405,422.8331052,0.974706241,4.97378152,42.3465092,4.953421441,2.11732546,421.251165,5178.946418
346,42.70173978,2.135086989,427.0173978,5126.191151,0.993886495,424.4068246,0.974627103,4.994192754,42.5237652,4.97378152,2.12618826,422.8331052,5152.61822
347,42.88043389,2.144021694,428.8043389,5099.665724,0.993392899,425.9711852,0.974541715,5.01465259,42.70173978,4.994192754,2.135086989,424.4068246,5126.191151
348,43.05984832,2.152992416,430.5984832,5073.042525,0.992862235,427.5249722,0.974449602,5.035158248,42.88043389,5.01465259,2.144021694,425.9711852,5099.665724
349,43.23998368,2.161999184,432.3998368,5046.322215,0.992291978,429.0668896,0.974350255,5.055706696,43.05984832,5.035158248,2.152992416,427.5249722,5073.042525
350,43.4208404,2.17104202,434.208404,5019.505534,0.991679461,430.5955561,0.974243127,5.076294637,43.23998368,5.055706696,2.161999184,429.0668896,5046.322215
351,43.60241869,2.180120935,436.0241869,4992.593312,0.991021862,432.1095016,0.974127628,5.096918485,43.4208404,5.076294637,2.17104202,430.5955561,5019.505534
352,43.78471854,2.189235927,437.8471854,4965.586468,0.990316203,433.607162,0.974003128,5.117574339,43.60241869,5.096918485,2.180120935,432.1095016,4992.593312
353,43.96773969,2.198386984,439.6773969,4938.48602,0.989559343,435.0868761,0.973868947,5.138257961,43.78471854,5.117574339,2.189235927,433.607162,4965.586468
354,44.15148162,2.207574081,441.5148162,4911.29309,0.988747976,436.5468808,0.973724353,5.158964746,43.96773969,5.138257961,2.198386984,435.0868761,4938.48602
355,44.33594354,2.216797177,443.3594354,4884.00891,0.987878621,437.9853075,0.973568562,5.179689694,44.15148162,5.158964746,2.207574081,436.5468808,4911.29309
356,44.52112432,2.226056216,445.2112432,4856.634829,0.986947622,439.4001778,0.973400727,5.200427375,44.33594354,5.179689694,2.216797177,437.9853075,4884.00891
357,44.70702252,2.235351126,447.0702252,4829.172318,0.985951144,440.7894002,0.97321994,5.221171893,44.52112432,5.200427375,2.226056216,439.4001778,4856.634829
358,44.89363632,2.244681816,448.9363632,4801.62298,0.984885169,442.1507659,0.973025221,5.241916849,44.70702252,5.221171893,2.235351126,440.7894002,4829.172318
359,45.08096351,2.254048175,450.8096351,4773.988557,0.983745492,443.4819464,0.972815517,5.262655299,44.89363632,5.241916849,2.244681816,442.1507659,4801.62298
360,45.26900145,2.263450073,452.6900145,4746.270936,0.982527724,444.7804898,0.972589693,5.283379705,45.08096351,5.262655299,2.254048175,443.4819464,4773.988557
361,45.45774706,2.272887353,454.5774706,4718.472155,0.981227288,446.0438188,0.972346525,5.304081889,45.26900145,5.283379705,2.263450073,444.7804898,4746.270936
362,45.64719671,2.282359836,456.4719671,4690.594416,0.979839422,447.2692284,0.972084698,5.324752972,45.45774706,5.304081889,2.272887353,446.0438188,4718.472155
363,45.83734629,2.291867314,458.3734629,4662.640089,0.978359179,448.4538848,0.97180279,5.34538332,45.64719671,5.324752972,2.282359836,447.2692284,4690.594416
364,46.02819104,2.301409552,460.2819104,4634.611722,0.976781434,449.5948244,0.97149927,5.365962476,45.83734629,5.34538332,2.291867314,448.4538848,4662.640089
365,46.21972559,2.31098628,462.1972559,4606.512045,0.975100887,450.6889542,0.971172485,5.386479091,46.02819104,5.365962476,2.301409552,449.5948244,4634.611722
366,46.41194389,2.320597195,464.1194389,4578.343985,0.973312071,451.7330523,0.970820653,5.406920843,46.21972559,5.386479091,2.31098628,450.6889542,4606.512045
367,46.60483912,2.330241956,466.0483912,4550.11067,0.971409363,452.7237706,0.97044185,5.427274357,46.41194389,5.406920843,2.320597195,451.7330523,4578.343985
368,46.79840365,2.339920182,467.9840365,4521.815434,0.969386992,453.6576372,0.970033998,5.44752511,46.60483912,5.427274357,2.330241956,452.7237706,4550.11067
369,46.99262896,2.349631448,469.9262896,4493.461832,0.967239057,454.5310613,0.969594852,5.467657333,46.79840365,5.44752511,2.339920182,453.6576372,4521.815434
370,47.18750557,2.359375279,471.8750557,4465.05364,0.964959544,455.3403387,0.969121987,5.487653902,46.99262896,5.467657333,2.349631448,454.5310613,4493.461832
371,47.38302299,2.369151149,473.8302299,4436.594869,0.962542342,456.0816593,0.968612785,5.50749622,47.18750557,5.487653902,2.359375279,455.3403387,4465.05364
372,47.57916955,2.378958478,475.7916955,4408.089766,0.95998127,456.751116,0.968064412,5.527164093,47.38302299,5.50749622,2.369151149,456.0816593,4436.594869
373,47.77593241,2.38879662,477.7593241,4379.542821,0.957270098,457.3447152,0.967473807,5.546635586,47.57916955,5.527164093,2.378958478,456.751116,4408.089766
374,47.97329734,2.398664867,479.7329734,4350.958776,0.954402584,457.8583893,0.966837663,5.565886881,47.77593241,5.546635586,2.38879662,457.3447152,4379.542821
375,48.17124872,2.408562436,481.7124872,4322.342627,0.951372497,458.2880117,0.966152401,5.584892111,47.97329734,5.565886881,2.398664867,457.8583893,4350.958776
376,48.36976932,2.418488466,483.6976932,4293.699626,0.948173661,458.6294125,0.965414155,5.603623195,48.17124872,5.584892111,2.408562436,458.2880117,4322.342627
377,48.56884024,2.428442012,485.6884024,4265.035288,0.94479999,458.8783979,0.964618746,5.62204965,48.36976932,5.603623195,2.418488466,458.6294125,4293.699626
378,48.76844072,2.438422036,487.6844072,4236.355388,0.941245535,459.0307705,0.963761658,5.640138396,48.56884024,5.62204965,2.428442012,458.8783979,4265.035288
379,48.96854799,2.4484274,489.6854799,4207.665965,0.937504523,459.0823523,0.962838016,5.657853552,48.76844072,5.640138396,2.438422036,459.0307705,4236.355388
380,49.16913713,2.458456856,491.6913713,4178.973318,0.933571416,459.0290097,0.961842555,5.675156215,48.96854799,5.657853552,2.4484274,459.0823523,4207.665965
381,49.37018084,2.468509042,493.7018084,4150.284005,0.929440956,458.8666806,0.960769595,5.692004236,49.16913713,5.675156215,2.458456856,459.0290097,4178.973318
382,49.57164929,2.478582464,495.7164929,4121.604837,0.925108222,458.5914032,0.959613014,5.708351976,49.37018084,5.692004236,2.468509042,458.8666806,4150.284005
383,49.77350988,2.488675494,497.7350988,4092.942874,0.920568688,458.199347,0.958366222,5.724150074,49.57164929,5.708351976,2.478582464,458.5914032,4121.604837
384,49.97572704,2.498786352,499.7572704,4064.305415,0.915818282,457.6868449,0.957022126,5.739345188,49.77350988,5.724150074,2.488675494,458.199347,4092.942874
385,50.17826197,2.508913098,501.7826197,4035.699987,0.910853443,457.0504269,0.955573112,5.753879756,49.97572704,5.739345188,2.498786352,457.6868449,4064.305415
386,50.38107238,2.519053619,503.8107238,4007.134336,0.905671184,456.2868549,0.954011013,5.767691748,50.17826197,5.753879756,2.508913098,457.0504269,4035.699987
387,50.58411227,2.529205613,505.8411227,3978.616407,0.90026915,455.3931576,0.952327087,5.780714435,50.38107238,5.767691748,2.519053619,456.2868549,4007.134336
388,50.78733157,2.539366578,507.8733157,3950.154335,0.894645677,454.3666661,0.950512,5.79287617,50.58411227,5.780714435,2.529205613,455.3931576,3978.616407
389,50.99067592,2.549533796,509.9067592,3921.756418,0.888799846,453.2050491,0.948555805,5.804100196,50.78733157,5.79287617,2.539366578,454.3666661,3950.154335
390,51.19408632,2.559704316,511.9408632,3893.431103,0.882731542,451.9063473,0.946447937,5.814304488,50.99067592,5.804100196,2.549533796,453.2050491,3921.756418
391,51.39749883,2.569874941,513.9749883,3865.186956,0.876441494,450.4690065,0.944177209,5.823401638,51.19408632,5.814304488,2.559704316,451.9063473,3893.431103
392,51.60084425,2.580042212,516.0084425,3837.032643,0.869931326,448.8919086,0.941731815,5.831298805,51.39749883,5.823401638,2.569874941,450.4690065,3865.186956
393,51.80404778,2.590202389,518.0404778,3808.976899,0.863203591,447.1744007,0.939099352,5.837897724,51.60084425,5.831298805,2.580042212,448.8919086,3837.032643
394,52.00702874,2.600351437,520.0702874,3781.028499,0.8562618,445.3163203,0.936266847,5.843094819,51.80404778,5.837897724,2.590202389,447.1744007,3808.976899
395,52.2097002,2.61048501,522.097002,3753.196229,0.849110445,443.3180175,0.933220803,5.846781403,52.00702874,5.843094819,2.600351437,445.3163203,3781.028499
396,52.41196873,2.620598436,524.1196873,3725.488853,0.841755011,441.1803731,0.929947261,5.848844014,52.2097002,5.846781403,2.61048501,443.3180175,3753.196229
397,52.61373408,2.630686704,526.1373408,3697.915079,0.834201979,438.9048111,0.926431881,5.849164878,52.41196873,5.848844014,2.620598436,441.1803731,3725.488853
398,52.81488896,2.640744448,528.1488896,3670.483529,0.826458819,436.4933074,0.922660044,5.847622535,52.61373408,5.849164878,2.630686704,438.9048111,3697.915079
399,53.01531884,2.650765942,530.1531884,3643.202697,0.818533965,433.9483915,0.918616977,5.844092632,52.81488896,5.847622535,2.640744448,436.4933074,3670.483529
400,53.21490176,2.660745088,532.1490176,3616.080922,0.810436794,431.273144,0.914287901,5.8384489,53.01531884,5.844092632,2.650765942,433.9483915,3643.202697
401,53.41350825,2.670675413,534.1350825,3589.126351,0.802177577,428.4711865,0.909658205,5.830564326,53.21490176,5.8384489,2.660745088,431.273144,3616.080922
402,53.61100131,2.680550065,536.1100131,3562.346902,0.793767429,425.5466667,0.904713643,5.820312517,53.41350825,5.830564326,2.670675413,428.4711865,3589.126351
403,53.80723646,2.690361823,538.0723646,3535.750235,0.785218244,422.504237,0.899440553,5.807569263,53.61100131,5.820312517,2.680550065,425.5466667,3562.346902
404,54.00206193,2.700103096,540.0206193,3509.34372,0.776542621,419.3490268,0.893826099,5.792214284,53.80723646,5.807569263,2.690361823,422.504237,3535.750235
405,54.19531887,2.709765944,541.9531887,3483.134406,0.767753781,416.0866098,0.88785853,5.774133139,54.00206193,5.792214284,2.700103096,419.3490268,3509.34372
406,54.38684182,2.719342091,543.8684182,3457.128993,0.758865475,412.7229658,0.88152745,5.753219275,54.19531887,5.774133139,2.709765944,416.0866098,3483.134406
407,54.57645915,2.728822957,545.7645915,3431.333808,0.749891884,409.264438,0.874824095,5.729376175,54.38684182,5.753219275,2.719342091,412.7229658,3457.128993
408,54.76399372,2.738199686,547.6399372,3405.75478,0.740847513,405.7176856,0.867741613,5.702519547,54.57645915,5.729376175,2.728822957,409.264438,3431.333808
409,54.94926372,2.747463186,549.4926372,3380.397425,0.731747082,402.0896339,0.860275329,5.672579508,54.76399372,5.702519547,2.738199686,405.7176856,3405.75478
410,55.13208349,2.756604174,551.3208349,3355.266823,0.722605415,398.3874209,0.852422996,5.639502693,54.94926372,5.672579508,2.747463186,402.0896339,3380.397425
411,55.31226464,2.765613232,553.1226464,3330.367609,0.713437327,394.6183424,0.844185017,5.603254209,55.13208349,5.639502693,2.756604174,398.3874209,3355.266823
412,55.4896172,2.77448086,554.896172,3305.703963,0.704257509,390.7897962,0.835564629,5.563819367,55.31226464,5.603254209,2.765613232,394.6183424,3330.367609
413,55.66395086,2.783197543,556.6395086,3281.2796,0.695080425,386.9092262,0.826568039,5.521205123,55.4896172,5.563819367,2.77448086,390.7897962,3305.703963
414,55.83507634,2.791753817,558.3507634,3257.097774,0.6859202,382.9840675,0.817204511,5.475441149,55.66395086,5.521205123,2.783197543,386.9092262,3281.2796
415,56.00280679,2.80014034,560.0280679,3233.161269,0.676790529,379.0216924,0.807486386,5.426580485,55.83507634,5.475441149,2.791753817,382.9840675,3257.097774
416,56.1669593,2.808347965,561.669593,3209.472414,0.66770458,375.0293598,0.797429038,5.374699722,56.00280679,5.426580485,2.80014034,379.0216924,3233.161269
417,56.32735629,2.816367814,563.2735629,3186.033079,0.658674917,371.0141674,0.787050771,5.319898701,56.1669593,5.374699722,2.808347965,375.0293598,3209.472414
418,56.48382697,2.824191348,564.8382697,3162.844693,0.649713426,366.9830075,0.776372634,5.262299701,56.32735629,5.319898701,2.816367814,371.0141674,3186.033079
419,56.63620874,2.831810437,566.3620874,3139.908255,0.640831255,362.9425275,0.765418192,5.202046142,56.48382697,5.262299701,2.824191348,366.9830075,3162.844693
420,56.78434847,2.839217424,567.8434847,3117.224347,0.632038766,358.8990954,0.754213233,5.139300842,56.63620874,5.202046142,2.831810437,362.9425275,3139.908255
421,56.92810368,2.846405184,569.2810368,3094.793154,0.623345495,354.8587696,0.742785421,5.074243856,56.78434847,5.139300842,2.839217424,358.8990954,3117.224347
422,57.0673436,2.85336718,570.673436,3072.614481,0.614760129,350.8272752,0.731163931,5.007069993,56.92810368,5.074243856,2.846405184,354.8587696,3094.793154
423,57.20195003,2.860097501,572.0195003,3050.687776,0.606290492,346.8099845,0.719379041,4.937986075,57.0673436,5.007069993,2.85336718,350.8272752,3072.614481
424,57.33181806,2.866590903,573.3181806,3029.012152,0.597943542,342.8119034,0.707461725,4.86720803,57.20195003,4.937986075,2.860097501,346.8099845,3050.687776
425,57.45685663,2.872842832,574.5685663,3007.586408,0.589725374,338.8376629,0.69544324,4.794957907,57.33181806,4.86720803,2.866590903,342.8119034,3029.012152
426,57.57698883,2.878849441,575.7698883,2986.409054,0.581641245,334.8915148,0.683354729,4.72146091,57.45685663,4.794957907,2.872842832,338.8376629,3007.586408
427,57.69215204,2.884607602,576.9215204,2965.478334,0.573695592,330.9773331,0.671226842,4.646942525,57.57698883,4.72146091,2.878849441,334.8915148,2986.409054
428,57.80229798,2.890114899,578.0229798,2944.792251,0.565892065,327.0986178,0.659089398,4.571625814,57.69215204,4.646942525,2.884607602,330.9773331,2965.478334
429,57.90739241,2.89536962,579.0739241,2924.348588,0.55823357,323.2585036,0.646971073,4.495728939,57.80229798,4.571625814,2.890114899,327.0986178,2944.792251
430,58.00741487,2.900370743,580.0741487,2904.144931,0.550722303,319.459771,0.634899144,4.419462966,57.90739241,4.495728939,2.89536962,323.2585036,2924.348588
431,58.10235813,2.905117906,581.0235813,2884.178695,0.543359805,315.7048601,0.622899269,4.343029965,58.00741487,4.419462966,2.900370743,319.459771,2904.144931
432,58.19222763,2.909611382,581.9222763,2864.447142,0.536147006,311.9958862,0.61099532,4.266621446,58.10235813,4.343029965,2.905117906,315.7048601,2884.178695
433,58.27704076,2.913852038,582.7704076,2844.947399,0.529084274,308.334658,0.599209262,4.19041711,58.19222763,4.266621446,2.909611382,311.9958862,2864.447142
434,58.35682608,2.917841304,583.5682608,2825.676483,0.522171468,304.7226951,0.587561075,4.114583934,58.27704076,4.19041711,2.913852038,308.334658,2844.947399
435,58.43162249,2.921581125,584.3162249,2806.631314,0.515407985,301.1612482,0.576068713,4.039275548,58.35682608,4.114583934,2.917841304,304.7226951,2825.676483
436,58.50147839,2.92507392,585.0147839,2787.808736,0.508792814,297.651318,0.564748107,3.964631903,58.43162249,4.039275548,2.921581125,301.1612482,2806.631314
437,58.56645077,2.928322538,585.6645077,2769.205529,0.502324576,294.1936755,0.553613193,3.890779179,58.50147839,3.964631903,2.92507392,297.651318,2787.808736
438,58.62660431,2.931330215,586.2660431,2750.818424,0.496001575,290.7888805,0.542675969,3.817829919,58.56645077,3.890779179,2.928322538,294.1936755,2769.205529
439,58.68201054,2.934100527,586.8201054,2732.644119,0.489821836,287.4373016,0.531946576,3.74588335,58.62660431,3.817829919,2.931330215,290.7888805,2750.818424
440,58.73274697,2.936637348,587.3274697,2714.679288,0.48378315,284.1391333,0.521433391,3.675025846,58.68201054,3.74588335,2.934100527,287.4373016,2732.644119
441,58.77889625,2.938944812,587.7889625,2696.920592,0.477883105,280.8944145,0.511143136,3.605331521,58.73274697,3.675025846,2.936637348,284.1391333,2714.679288
442,58.82054542,2.941027271,588.2054542,2679.364691,0.472119125,277.7030441,0.501080997,3.536862908,58.77889625,3.605331521,2.938944812,280.8944145,2696.920592
443,58.85778514,2.942889257,588.5778514,2662.008251,0.466488497,274.564797,0.491250745,3.4696717,58.82054542,3.536862908,2.941027271,277.7030441,2679.364691
444,58.89070905,2.944535452,588.9070905,2644.847951,0.460988402,271.4793388,0.481654858,3.403799531,58.85778514,3.4696717,2.942889257,274.564797,2662.008251
445,58.91941305,2.945970653,589.1941305,2627.880492,0.455615942,268.4462388,0.472294644,3.339278783,58.89070905,3.403799531,2.944535452,271.4793388,2644.847951
446,58.94399481,2.947199741,589.4399481,2611.102602,0.450368156,265.4649828,0.463170363,3.27613338,58.91941305,3.339278783,2.945970653,268.4462388,2627.880492
447,58.96455316,2.948227658,589.6455316,2594.511041,0.445242048,262.5349843,0.454281346,3.214379587,58.94399481,3.27613338,2.947199741,265.4649828,2611.102602
448,58.98118766,2.949059383,589.8118766,2578.102604,0.440234599,259.6555951,0.445626097,3.154026772,58.96455316,3.214379587,2.948227658,262.5349843,2594.511041
449,58.99399812,2.949699906,589.9399812,2561.87413,0.435342785,256.8261147,0.437202405,3.095078144,58.98118766,3.154026772,2.949059383,259.6555951,2578.102604
450,59.00308426,2.950154213,590.0308426,2545.822497,0.430563592,254.0457989,0.429007439,3.037531451,58.99399812,3.095078144,2.949699906,256.8261147,2561.87413
451,59.00854534,2.950427267,590.0854534,2529.944635,0.425894023,251.3138677,0.421037837,2.981379635,59.00308426,3.037531451,2.950154213,254.0457989,2545.822497
452,59.01047986,2.950523993,590.1047986,2514.237518,0.421331113,248.6295118,0.413289787,2.926611439,59.00854534,2.981379635,2.950427267,251.3138677,2529.944635
453,59.00898533,2.950449266,590.0898533,2498.698174,0.416871936,245.9918993,0.405759106,2.873211978,59.01047986,2.926611439,2.950523993,248.6295118,2514.237518
454,59.004158,2.9502079,590.04158,2483.32368,0.412513608,243.400181,0.398441306,2.821163251,59.00898533,2.873211978,2.950449266,245.9918993,2498.698174
455,58.9960927,2.949804635,589.960927,2468.111169,0.4082533,240.8534953,0.391331653,2.770444617,59.004158,2.821163251,2.9502079,243.400181,2483.32368
456,58.9848827,2.949244135,589.848827,2453.057825,0.404088237,238.3509725,0.384425226,2.721033223,58.9960927,2.770444617,2.949804635,240.8534953,2468.111169
457,58.97061952,2.948530976,589.7061952,2438.16089,0.400015704,235.8917388,0.377716962,2.672904389,58.9848827,2.721033223,2.949244135,238.3509725,2453.057825
458,58.95339286,2.947669643,589.5339286,2423.417656,0.396033049,233.4749194,0.3712017,2.626031957,58.97061952,2.672904389,2.948530976,235.8917388,2438.16089
459,58.9332905,2.946664525,589.332905,2408.825473,0.392137686,231.0996415,0.364874219,2.5803886,58.95339286,2.626031957,2.947669643,233.4749194,2423.417656
460,58.91039826,2.945519913,589.1039826,2394.381746,0.388327093,228.7650368,0.358729269,2.535946096,58.9332905,2.5803886,2.946664525,231.0996415,2408.825473
461,58.8847999,2.944239995,588.847999,2380.083931,0.384598817,226.4702437,0.352761603,2.49267557,58.91039826,2.535946096,2.945519913,228.7650368,2394.381746
462,58.85657712,2.942828856,588.5657712,2365.929541,0.380950474,224.2144093,0.346965996,2.45054771,58.8847999,2.49267557,2.944239995,226.4702437,2380.083931
463,58.82580955,2.941290477,588.2580955,2351.91614,0.377379746,221.9966906,0.341337271,2.409532953,58.85657712,2.45054771,2.942828856,224.2144093,2365.929541
464,58.7925747,2.939628735,587.925747,2338.041347,0.373884385,219.8162563,0.335870311,2.369601645,58.82580955,2.409532953,2.941290477,221.9966906,2351.91614
465,58.75694801,2.9378474,587.5694801,2324.302831,0.370462209,217.6722874,0.330560082,2.330724185,58.7925747,2.369601645,2.939628735,219.8162563,2338.041347
466,58.71900281,2.93595014,587.1900281,2310.698313,0.367111102,215.5639786,0.325401635,2.292871142,58.75694801,2.330724185,2.9378474,217.6722874,2324.302831
467,58.67881037,2.933940519,586.7881037,2297.225564,0.363829017,213.4905388,0.320390124,2.256013359,58.71900281,2.292871142,2.93595014,215.5639786,2310.698313
468,58.63643992,2.931821996,586.3643992,2283.882406,0.360613966,211.4511916,0.31552081,2.220122042,58.67881037,2.256013359,2.933940519,213.4905388,2297.225564
469,58.59195868,2.929597934,585.9195868,2270.666706,0.357464029,209.4451762,0.310789068,2.185168827,58.63643992,2.220122042,2.931821996,211.4511916,2283.882406
470,58.54543186,2.927271593,585.4543186,2257.576383,0.354377345,207.4717472,0.306190392,2.151125849,58.59195868,2.185168827,2.929597934,209.4451762,2270.666706
471,58.49692275,2.924846137,584.9692275,2244.609399,0.351352114,205.530175,0.301720399,2.117965784,58.54543186,2.151125849,2.927271593,207.4717472,2257.576383
472,58.44649273,2.922324636,584.4649273,2231.763763,0.348386595,203.6197462,0.297374829,2.085661891,58.49692275,2.117965784,2.924846137,205.530175,2244.609399
473,58.3942013,2.919710065,583.942013,2219.037528,0.345479104,201.7397634,0.293149548,2.054188043,58.44649273,2.085661891,2.922324636,203.6197462,2231.763763
474,58.34010618,2.917005309,583.4010618,2206.428793,0.342628011,199.8895454,0.289040548,2.023518752,58.3942013,2.054188043,2.919710065,201.7397634,2219.037528
475,58.28426327,2.914213163,582.8426327,2193.935697,0.339831741,198.0684269,0.285043948,1.993629184,58.34010618,2.023518752,2.917005309,199.8895454,2206.428793
476,58.22672677,2.911336338,582.2672677,2181.55642,0.337088772,196.2757585,0.281155991,1.964495171,58.28426327,1.993629184,2.914213163,198.0684269,2193.935697
477,58.1675492,2.90837746,581.675492,2169.289185,0.334397632,194.5109068,0.277373043,1.936093217,58.22672677,1.964495171,2.911336338,196.2757585,2181.55642
478,58.10678143,2.905339072,581.0678143,2157.132253,0.331756895,192.7732539,0.273691592,1.908400504,58.1675492,1.936093217,2.90837746,194.5109068,2169.289185
479,58.04447277,2.902223639,580.4447277,2145.083925,0.329165187,191.0621972,0.270108246,1.881394886,58.10678143,1.908400504,2.905339072,192.7732539,2157.132253
480,57.98067097,2.899033549,579.8067097,2133.142538,0.326621176,189.3771494,0.266619728,1.855054889,58.04447277,1.881394886,2.902223639,191.0621972,2145.083925
481,57.91542231,2.895771115,579.1542231,2121.306466,0.324123576,187.7175379,0.263222878,1.8293597,57.98067097,1.855054889,2.899033549,189.3771494,2133.142538
482,57.84877159,2.89243858,578.4877159,2109.57412,0.321671143,186.0828049,0.259914647,1.804289163,57.91542231,1.8293597,2.895771115,187.7175379,2121.306466
483,57.78076226,2.889038113,577.8076226,2097.943944,0.319262674,184.4724069,0.256692091,1.779823764,57.84877159,1.804289163,2.89243858,186.0828049,2109.57412
484,57.71143636,2.885571818,577.1143636,2086.414419,0.316897007,182.8858144,0.253552377,1.755944624,57.78076226,1.779823764,2.889038113,184.4724069,2097.943944
485,57.64083466,2.882041733,576.4083466,2074.984056,0.314573015,181.3225116,0.25049277,1.732633478,57.71143636,1.755944624,2.885571818,182.8858144,2086.414419
486,57.56899664,2.878449832,575.6899664,2063.651399,0.312289612,179.7819961,0.247510635,1.709872671,57.64083466,1.732633478,2.882041733,181.3225116,2074.984056
487,57.49596057,2.874798029,574.9596057,2052.415024,0.310045744,178.2637787,0.244603435,1.687645134,57.56899664,1.709872671,2.878449832,179.7819961,2063.651399
488,57.42176351,2.871088176,574.2176351,2041.273538,0.307840394,176.7673828,0.241768723,1.665934374,57.49596057,1.687645134,2.874798029,178.2637787,2052.415024
489,57.3464414,2.86732207,573.464414,2030.225576,0.305672576,175.2923445,0.239004144,1.644724455,57.42176351,1.665934374,2.871088176,176.7673828,2041.273538
490,57.27002905,2.863501453,572.7002905,2019.269805,0.303541337,173.8382117,0.236307427,1.623999986,57.3464414,1.644724455,2.86732207,175.2923445,2030.225576
491,57.19256021,2.85962801,571.9256021,2008.404916,0.301445754,172.4045445,0.233676387,1.6037461,57.27002905,1.623999986,2.863501453,173.8382117,2019.269805
492,57.11406759,2.855703379,571.1406759,1997.629632,0.299384935,170.9909143,0.231108918,1.583948443,57.19256021,1.6037461,2.85962801,172.4045445,2008.404916
493,57.03458291,2.851729145,570.3458291,1986.9427,0.297358015,169.5969036,0.228602992,1.564593153,57.11406759,1.583948443,2.855703379,170.9909143,1997.629632
494,56.95413691,2.847706845,569.5413691,1976.342894,0.295364157,168.2221061,0.226156654,1.545666846,57.03458291,1.564593153,2.851729145,169.5969036,1986.9427
495,56.87275941,2.84363797,568.7275941,1965.829012,0.293402549,166.8661258,0.223768025,1.527156603,56.95413691,1.545666846,2.847706845,168.2221061,1976.342894
496,56.79047932,2.839523966,567.9047932,1955.399879,0.291472407,165.5285772,0.22143529,1.509049949,56.87275941,1.527156603,2.84363797,166.8661258,1965.829012
497,56.7073247,2.835366235,567.073247,1945.054343,0.289572971,164.2090848,0.219156704,1.491334844,56.79047932,1.509049949,2.839523966,165.5285772,1955.399879
498,56.62332273,2.831166137,566.2332273,1934.791275,0.287703502,162.9072827,0.216930585,1.473999661,56.7073247,1.491334844,2.835366235,164.2090848,1945.054343
499,56.53849983,2.826924991,565.3849983,1924.60957,0.285863288,161.6228146,0.214755312,1.45703318,56.62332273,1.473999661,2.831166137,162.9072827,1934.791275
500,56.45288159,2.82264408,564.5288159,1914.508144,0.284051635,160.3553333,0.212629324,1.440424564,56.53849983,1.45703318,2.826924991,161.6228146,1924.60957
501,56.36649287,2.818324644,563.6649287,1904.485936,0.282267873,159.1045006,0.210551115,1.424163354,56.45288159,1.440424564,2.82264408,160.3553333,1914.508144
502,56.27935779,2.81396789,562.7935779,1894.541905,0.280511351,157.8699869,0.208519237,1.40823945,56.36649287,1.424163354,2.818324644,159.1045006,1904.485936
503,56.19149976,2.809574988,561.9149976,1884.675031,0.278781438,156.651471,0.206532291,1.3926431,56.27935779,1.40823945,2.81396789,157.8699869,1894.541905
504,56.10294152,2.805147076,561.0294152,1874.884314,0.277077522,155.4486401,0.204588929,1.377364888,56.19149976,1.3926431,2.809574988,156.651471,1884.675031
505,56.01370513,2.800685257,560.1370513,1865.168774,0.275399009,154.2611889,0.202687854,1.362395719,56.10294152,1.377364888,2.805147076,155.4486401,1874.884314
506,55.92381204,2.796190602,559.2381204,1855.527449,0.273745324,153.0888202,0.200827811,1.347726811,56.01370513,1.362395719,2.800685257,154.2611889,1865.168774
507,55.83328305,2.791664152,558.3328305,1845.959398,0.272115906,151.9312442,0.199007594,1.333349681,55.92381204,1.347726811,2.796190602,153.0888202,1855.527449
508,55.7421384,2.78710692,557.421384,1836.463695,0.270510215,150.7881782,0.197226038,1.319256132,55.83328305,1.333349681,2.791664152,151.9312442,1845.959398
509,55.65039772,2.782519886,556.5039772,1827.039434,0.268927722,149.6593467,0.195482018,1.305438248,55.7421384,1.319256132,2.78710692,150.7881782,1836.463695
510,55.55808012,2.777904006,555.5808012,1817.685725,0.267367916,148.5444811,0.193774451,1.291888379,55.65039772,1.305438248,2.782519886,149.6593467,1827.039434
511,55.46520414,2.773260207,554.6520414,1808.401695,0.265830301,147.4433193,0.192102291,1.278599132,55.55808012,1.291888379,2.777904006,148.5444811,1817.685725
512,55.37178782,2.768589391,553.7178782,1799.186487,0.264314394,146.3556057,0.190464527,1.265563363,55.46520414,1.278599132,2.773260207,147.4433193,1808.401695
513,55.2778487,2.763892435,552.778487,1790.039262,0.262819727,145.2810911,0.188860185,1.252774166,55.37178782,1.265563363,2.768589391,146.3556057,1799.186487
514,55.18340381,2.75917019,551.8340381,1780.959194,0.261345844,144.2195322,0.187288324,1.240224865,55.2778487,1.252774166,2.763892435,145.2810911,1790.039262
515,55.08846972,2.754423486,550.8846972,1771.945473,0.259892301,143.1706917,0.185748036,1.227909005,55.18340381,1.240224865,2.75917019,144.2195322,1780.959194
516,54.99306257,2.749653128,549.9306257,1762.997305,0.25845867,142.1343381,0.184238443,1.215820345,55.08846972,1.227909005,2.754423486,143.1706917,1771.945473
517,54.89719802,2.744859901,548.9719802,1754.113909,0.257044532,141.1102455,0.182758697,1.203952847,54.99306257,1.215820345,2.749653128,142.1343381,1762.997305
518,54.80089133,2.740044566,548.0089133,1745.294518,0.255649479,140.0981931,0.181307981,1.192300674,54.89719802,1.203952847,2.744859901,141.1102455,1754.113909
519,54.70415734,2.735207867,547.0415734,1736.538381,0.254273117,139.0979659,0.179885502,1.180858176,54.80089133,1.192300674,2.740044566,140.0981931,1745.294518
520,54.60701048,2.730350524,546.0701048,1727.844759,0.25291506,138.1093534,0.178490496,1.169619888,54.70415734,1.180858176,2.735207867,139.0979659,1736.538381
521,54.50946481,2.725473241,545.0946481,1719.212924,0.251574935,137.1321507,0.177122225,1.15858052,54.60701048,1.169619888,2.730350524,138.1093534,1727.844759
522,54.41153402,2.720576701,544.1153402,1710.642165,0.250252377,136.1661572,0.175779972,1.147734953,54.50946481,1.15858052,2.725473241,137.1321507,1719.212924
523,54.31323141,2.715661571,543.1323141,1702.13178,0.248947031,135.2111772,0.174463049,1.137078232,54.41153402,1.147734953,2.720576701,136.1661572,1710.642165
524,54.21456995,2.710728498,542.1456995,1693.681081,0.247658553,134.2670197,0.173170785,1.126605559,54.31323141,1.137078232,2.715661571,135.2111772,1702.13178
525,54.11556227,2.705778113,541.1556227,1685.289392,0.246386607,133.3334978,0.171902536,1.116312288,54.21456995,1.126605559,2.710728498,134.2670197,1693.681081
526,54.01622065,2.700811033,540.1622065,1676.956049,0.245130866,132.4104293,0.170657676,1.10619392,54.11556227,1.116312288,2.705778113,133.3334978,1685.289392
527,53.91655708,2.695827854,539.1655708,1668.680397,0.24389101,131.4976358,0.169435599,1.096246096,54.01622065,1.10619392,2.700811033,132.4104293,1676.956049
528,53.81658322,2.690829161,538.1658322,1660.461795,0.242666731,130.5949432,0.16823572,1.086464594,53.91655708,1.096246096,2.695827854,131.4976358,1668.680397
529,53.71631044,2.685815522,537.1631044,1652.299611,0.241457725,129.7021812,0.167057472,1.076845323,53.81658322,1.086464594,2.690829161,130.5949432,1660.461795
530,53.6157498,2.68078749,536.157498,1644.193224,0.240263699,128.8191836,0.165900306,1.067384317,53.71631044,1.076845323,2.685815522,129.7021812,1652.299611
531,53.5149121,2.675745605,535.149121,1636.142025,0.239084365,127.9457877,0.164763691,1.058077734,53.6157498,1.067384317,2.68078749,128.8191836,1644.193224
532,53.41380786,2.670690393,534.1380786,1628.145414,0.237919444,127.0818345,0.163647112,1.048921849,53.5149121,1.058077734,2.675745605,127.9457877,1636.142025
533,53.31244733,2.665622366,533.1244733,1620.202799,0.236768663,126.2271686,0.16255007,1.039913049,53.41380786,1.048921849,2.670690393,127.0818345,1628.145414
534,53.2108405,2.660542025,532.108405,1612.313601,0.235631756,125.381638,0.161472083,1.03104783,53.31244733,1.039913049,2.665622366,126.2271686,1620.202799
535,53.10899711,2.655449855,531.0899711,1604.477249,0.234508465,124.5450939,0.160412681,1.022322797,53.2108405,1.03104783,2.660542025,125.381638,1612.313601
536,53.00692667,2.650346333,530.0692667,1596.69318,0.233398537,123.7173911,0.159371412,1.013734652,53.10899711,1.022322797,2.655449855,124.5450939,1604.477249
537,52.90463844,2.645231922,529.0463844,1588.960843,0.232301724,122.8983872,0.158347836,1.005280198,53.00692667,1.013734652,2.650346333,123.7173911,1596.69318
538,52.80214145,2.640107073,528.0214145,1581.279694,0.231217787,122.0879432,0.157341525,0.996956333,52.90463844,1.005280198,2.645231922,122.8983872,1588.960843
539,52.69944453,2.634972227,526.9944453,1573.649198,0.230146492,121.2859229,0.156352066,0.988760045,52.80214145,0.996956333,2.640107073,122.0879432,1581.279694
540,52.59655627,2.629827814,525.9655627,1566.068828,0.229087609,120.492193,0.155379059,0.980688411,52.69944453,0.988760045,2.634972227,121.2859229,1573.649198
541,52.49348506,2.624674253,524.9348506,1558.538065,0.228040914,119.7066232,0.154422114,0.972738593,52.59655627,0.980688411,2.629827814,120.492193,1566.068828
542,52.39023908,2.619511954,523.9023908,1551.056402,0.227006191,118.9290859,0.153480854,0.964907836,52.49348506,0.972738593,2.624674253,119.7066232,1558.538065
543,52.28682632,2.614341316,522.8682632,1543.623334,0.225983225,118.1594563,0.152554912,0.957193463,52.39023908,0.964907836,2.619511954,118.9290859,1551.056402
544,52.18325458,2.609162729,521.8325458,1536.238368,0.224971809,117.3976119,0.151643933,0.949592875,52.28682632,0.957193463,2.614341316,118.1594563,1543.623334
545,52.07953147,2.603976573,520.7953147,1528.901017,0.223971741,116.6434331,0.150747572,0.942103547,52.18325458,0.949592875,2.609162729,117.3976119,1536.238368
546,51.9756644,2.59878322,519.756644,1521.610802,0.222982821,115.8968027,0.149865493,0.934723027,52.07953147,0.942103547,2.603976573,116.6434331,1528.901017
547,51.87166064,2.593583032,518.7166064,1514.367252,0.222004857,115.1576059,0.148997371,0.927448928,51.9756644,0.934723027,2.59878322,115.8968027,1521.610802
548,51.76752726,2.588376363,517.6752726,1507.169902,0.221037659,114.4257302,0.148142891,0.920278936,51.87166064,0.927448928,2.593583032,115.1576059,1514.367252
549,51.66327117,2.583163558,516.6327117,1500.018294,0.220081042,113.7010656,0.147301745,0.913210797,51.76752726,0.920278936,2.588376363,114.4257302,1507.169902
550,51.55889912,2.577944956,515.5889912,1492.911977,0.219134826,112.9835041,0.146473634,0.906242321,51.66327117,0.913210797,2.583163558,113.7010656,1500.018294
551,51.45441771,2.572720885,514.5441771,1485.850508,0.218198835,112.2729401,0.14565827,0.899371379,51.55889912,0.906242321,2.577944956,112.9835041,1492.911977
552,51.34983336,2.567491668,513.4983336,1478.833449,0.217272896,111.56927,0.144855371,0.892595901,51.45441771,0.899371379,2.572720885,112.2729401,1485.850508
553,51.24515238,2.562257619,512.4515238,1471.86037,0.21635684,110.8723924,0.144064663,0.885913872,51.34983336,0.892595901,2.567491668,111.56927,1478.833449
554,51.14038089,2.557019045,511.4038089,1464.930845,0.215450503,110.1822078,0.143285879,0.879323333,51.24515238,0.885913872,2.562257619,110.8723924,1471.86037
555,51.03552491,2.551776246,510.3552491,1458.044457,0.214553723,109.4986187,0.142518762,0.872822378,51.14038089,0.879323333,2.557019045,110.1822078,1464.930845
556,50.93059029,2.546529515,509.3059029,1451.200794,0.213666343,108.8215297,0.141763059,0.866409152,51.03552491,0.872822378,2.551776246,109.4986187,1458.044457
557,50.82558277,2.541279139,508.2558277,1444.399448,0.212788209,108.1508471,0.141018526,0.86008185,50.93059029,0.866409152,2.546529515,108.8215297,1451.200794
558,50.72050794,2.536025397,507.2050794,1437.64002,0.211919169,107.4864791,0.140284924,0.853838713,50.82558277,0.86008185,2.541279139,108.1508471,1444.399448
559,50.61537127,2.530768564,506.1537127,1430.922115,0.211059078,106.8283357,0.139562023,0.847678033,50.72050794,0.853838713,2.536025397,107.4864791,1437.64002
560,50.51017812,2.525508906,505.1017812,1424.245344,0.210207789,106.1763286,0.138849596,0.841598142,50.61537127,0.847678033,2.530768564,106.8283357,1430.922115
561,50.40493369,2.520246685,504.0493369,1417.609324,0.209365162,105.5303712,0.138147425,0.835597419,50.51017812,0.841598142,2.525508906,106.1763286,1424.245344
562,50.29964311,2.514982156,502.9964311,1411.013675,0.20853106,104.8903787,0.137455297,0.829674284,50.40493369,0.835597419,2.520246685,105.5303712,1417.609324
563,50.19431137,2.509715569,501.9431137,1404.458027,0.207705345,104.2562678,0.136773002,0.823827198,50.29964311,0.829674284,2.514982156,104.8903787,1411.013675
564,50.08894335,2.504447167,500.8894335,1397.94201,0.206887887,103.6279568,0.136100339,0.818054663,50.19431137,0.823827198,2.509715569,104.2562678,1404.458027
565,49.98354382,2.499177191,499.8354382,1391.465263,0.206078556,103.0053655,0.135437112,0.812355218,50.08894335,0.818054663,2.504447167,103.6279568,1397.94201
566,49.87811744,2.493905872,498.7811744,1385.027427,0.205277225,102.3884153,0.134783127,0.806727439,49.98354382,0.812355218,2.499177191,103.0053655,1391.465263
567,49.77266879,2.48863344,497.7266879,1378.628151,0.204483769,101.7770291,0.134138199,0.801169939,49.87811744,0.806727439,2.493905872,102.3884153,1385.027427
568,49.66720232,2.483360116,496.6720232,1372.267087,0.203698067,101.1711312,0.133502145,0.795681366,49.77266879,0.801169939,2.48863344,101.7770291,1378.628151
569,49.5617224,2.47808612,495.617224,1365.943891,0.20292,100.5706473,0.132874788,0.790260402,49.66720232,0.795681366,2.483360116,101.1711312,1372.267087
570,49.45623329,2.472811665,494.5623329,1359.658226,0.202149452,99.9755044,0.132255955,0.784905762,49.5617224,0.790260402,2.47808612,100.5706473,1365.943891
571,49.35073917,2.467536959,493.5073917,1353.409757,0.201386307,99.38563095,0.131645477,0.779616191,49.45623329,0.784905762,2.472811665,99.9755044,1359.658226
572,49.24524413,2.462262206,492.4524413,1347.198155,0.200630454,98.80095669,0.131043191,0.774390469,49.35073917,0.779616191,2.467536959,99.38563095,1353.409757
573,49.13975214,2.456987607,491.3975214,1341.023095,0.199881783,98.22141262,0.130448935,0.769227402,49.24524413,0.774390469,2.462262206,98.80095669,1347.198155
574,49.03426713,2.451713357,490.3426713,1334.884257,0.199140186,97.64693101,0.129862556,0.764125828,49.13975214,0.769227402,2.456987607,98.22141262,1341.023095
575,48.92879291,2.446439645,489.2879291,1328.781324,0.198405559,97.07744533,0.129283899,0.759084612,49.03426713,0.764125828,2.451713357,97.64693101,1334.884257
576,48.82333322,2.441166661,488.2333322,1322.713983,0.197677799,96.51289027,0.128712816,0.754102647,48.92879291,0.759084612,2.446439645,97.07744533,1328.781324
577,48.71789172,2.435894586,487.1789172,1316.681928,0.196956802,95.95320168,0.128149164,0.749178852,48.82333322,0.754102647,2.441166661,96.51289027,1322.713983
578,48.61247199,2.430623599,486.1247199,1310.684853,0.196242472,95.39831656,0.1275928,0.744312172,48.71789172,0.749178852,2.435894586,95.95320168,1316.681928
579,48.50707752,2.425353876,485.0707752,1304.722458,0.195534709,94.84817301,0.127043588,0.739501578,48.61247199,0.744312172,2.430623599,95.39831656,1310.684853
580,48.40171175,2.420085588,484.0171175,1298.794447,0.19483342,94.30271024,0.126501391,0.734746066,48.50707752,0.739501578,2.425353876,94.84817301,1304.722458
581,48.29637803,2.414818902,482.9637803,1292.900528,0.19413851,93.76186851,0.12596608,0.730044653,48.40171175,0.734746066,2.420085588,94.30271024,1298.794447
582,48.19107964,2.409553982,481.9107964,1287.040411,0.193449887,93.22558916,0.125437527,0.725396381,48.29637803,0.730044653,2.414818902,93.76186851,1292.900528
583,48.08581979,2.40429099,480.8581979,1281.213812,0.192767462,92.69381451,0.124915605,0.720800315,48.19107964,0.725396381,2.409553982,93.22558916,1287.040411
584,47.98060163,2.399030081,479.8060163,1275.420448,0.192091147,92.16648789,0.124400194,0.71625554,48.08581979,0.720800315,2.40429099,92.69381451,1281.213812
585,47.87542822,2.393771411,478.7542822,1269.660043,0.191420854,91.64355364,0.123891174,0.711761164,47.98060163,0.71625554,2.399030081,92.16648789,1275.420448
586,47.77030258,2.388515129,477.7030258,1263.932321,0.1907565,91.12495701,0.123388429,0.707316313,47.87542822,0.711761164,2.393771411,91.64355364,1269.660043
587,47.66522765,2.383261382,476.6522765,1258.237011,0.190097999,90.61064421,0.122891846,0.702920137,47.77030258,0.707316313,2.388515129,91.12495701,1263.932321
588,47.56020632,2.378010316,475.6020632,1252.573846,0.189445272,90.10056236,0.122401312,0.698571801,47.66522765,0.702920137,2.383261382,90.61064421,1258.237011
589,47.45524141,2.372762071,474.5524141,1246.94256,0.188798238,89.59465949,0.121916721,0.694270491,47.56020632,0.698571801,2.378010316,90.10056236,1252.573846
590,47.35033569,2.367516785,473.5033569,1241.342894,0.188156817,89.09288448,0.121437966,0.690015413,47.45524141,0.694270491,2.372762071,89.59465949,1246.94256
591,47.24549186,2.362274593,472.4549186,1235.774589,0.187520933,88.59518709,0.120964943,0.685805787,47.35033569,0.690015413,2.367516785,89.09288448,1241.342894
592,47.14071255,2.357035628,471.4071255,1230.23739,0.18689051,88.10151791,0.120497552,0.681640855,47.24549186,0.685805787,2.362274593,88.59518709,1235.774589
593,47.03600038,2.351800019,470.3600038,1224.731045,0.186265472,87.61182835,0.120035693,0.677519871,47.14071255,0.681640855,2.357035628,88.10151791,1230.23739
594,46.93135787,2.346567894,469.3135787,1219.255306,0.185645749,87.12607064,0.119579271,0.673442109,47.03600038,0.677519871,2.351800019,87.61182835,1224.731045
595,46.82678751,2.341339376,468.2678751,1213.809926,0.185031266,86.64419778,0.119128191,0.669406858,46.93135787,0.673442109,2.346567894,87.12607064,1219.255306
596,46.72229173,2.336114586,467.2229173,1208.394664,0.184421954,86.16616355,0.11868236,0.665413422,46.82678751,0.669406858,2.341339376,86.64419778,1213.809926
597,46.61787291,2.330893645,466.1787291,1203.009279,0.183817744,85.69192248,0.118241689,0.661461121,46.72229173,0.665413422,2.336114586,86.16616355,1208.394664
598,46.51353337,2.325676669,465.1353337,1197.653533,0.183218568,85.22142985,0.117806088,0.65754929,46.61787291,0.661461121,2.330893645,85.69192248,1203.009279
599,46.40927541,2.320463771,464.0927541,1192.327194,0.182624359,84.75464167,0.117375473,0.653677277,46.51353337,0.65754929,2.325676669,85.22142985,1197.653533
600,46.30510126,2.315255063,463.0510126,1187.030029,0.182035051,84.29151463,0.116949758,0.649844444,46.40927541,0.653677277,2.320463771,84.75464167,1192.327194
601,46.20101309,2.310050655,462.0101309,1181.761809,0.18145058,83.83200615,0.116528861,0.646050169,46.30510126,0.649844444,2.315255063,84.29151463,1187.030029
602,46.09701306,2.304850653,460.9701306,1176.522309,0.180870882,83.37607431,0.116112701,0.642293841,46.20101309,0.646050169,2.310050655,83.83200615,1181.761809
603,45.99310326,2.299655163,459.9310326,1171.311304,0.180295897,82.92367787,0.115701199,0.638574863,46.09701306,0.642293841,2.304850653,83.37607431,1176.522309
604,45.88928574,2.294464287,458.8928574,1166.128574,0.179725561,82.47477624,0.115294278,0.634892649,45.99310326,0.638574863,2.299655163,82.92367787,1171.311304
605,45.78556252,2.289278126,457.8556252,1160.973901,0.179159816,82.02932946,0.114891863,0.631246628,45.88928574,0.634892649,2.294464287,82.47477624,1166.128574
606,45.68193555,2.284096777,456.8193555,1155.847068,0.178598602,81.58729821,0.114493879,0.627636239,45.78556252,0.631246628,2.289278126,82.02932946,1160.973901
607,45.57840676,2.278920338,455.7840676,1150.747862,0.178041861,81.14864379,0.114100253,0.624060932,45.68193555,0.627636239,2.284096777,81.58729821,1155.847068
608,45.47497805,2.273748902,454.7497805,1145.676071,0.177489537,80.7133281,0.113710916,0.62052017,45.57840676,0.624060932,2.278920338,81.14864379,1150.747862
609,45.37165125,2.268582563,453.7165125,1140.631488,0.176941573,80.28131362,0.113325797,0.617013427,45.47497805,0.62052017,2.273748902,80.7133281,1145.676071
610,45.26842818,2.263421409,452.6842818,1135.613906,0.176397915,79.85256343,0.112944829,0.613540187,45.37165125,0.617013427,2.268582563,80.28131362,1140.631488
611,45.16531061,2.25826553,451.6531061,1130.623121,0.175858508,79.42704115,0.112567945,0.610099944,45.26842818,0.613540187,2.263421409,79.85256343,1135.613906
612,45.06230026,2.253115013,450.6230026,1125.658931,0.175323298,79.004711,0.11219508,0.606692204,45.16531061,0.610099944,2.25826553,79.42704115,1130.623121
613,44.95939883,2.247969942,449.5939883,1120.721137,0.174792234,78.5855377,0.111826169,0.603316482,45.06230026,0.606692204,2.253115013,79.004711,1125.658931
614,44.85660799,2.2428304,448.5660799,1115.80954,0.174265264,78.16948655,0.111461152,0.599972303,44.95939883,0.603316482,2.247969942,78.5855377,1120.721137
615,44.75392936,2.237696468,447.5392936,1110.923948,0.173742338,77.75652333,0.111099965,0.5966592,44.85660799,0.599972303,2.2428304,78.16948655,1115.80954
616,44.65136453,2.232568227,446.5136453,1106.064165,0.173223406,77.34661438,0.11074255,0.593376718,44.75392936,0.5966592,2.237696468,77.75652333,1110.923948
617,44.54891506,2.227445753,445.4891506,1101.230001,0.172708418,76.93972651,0.110388848,0.590124409,44.65136453,0.593376718,2.232568227,77.34661438,1106.064165
618,44.44658248,2.222329124,444.4658248,1096.421269,0.172197327,76.53582706,0.1100388,0.586901834,44.54891506,0.590124409,2.227445753,76.93972651,1101.230001
619,44.34436827,2.217218414,443.4436827,1091.637779,0.171690086,76.13488383,0.109692351,0.583708564,44.44658248,0.586901834,2.222329124,76.53582706,1096.421269
620,44.24227391,2.212113695,442.4227391,1086.879349,0.171186647,75.7368651,0.109349446,0.580544176,44.34436827,0.583708564,2.217218414,76.13488383,1091.637779
621,44.14030081,2.207015041,441.4030081,1082.145795,0.170686965,75.34173963,0.109010029,0.577408259,44.24227391,0.580544176,2.212113695,75.7368651,1086.879349
622,44.03845039,2.201922519,440.3845039,1077.436936,0.170190994,74.94947664,0.108674049,0.574300406,44.14030081,0.577408259,2.207015041,75.34173963,1082.145795
623,43.93672401,2.1968362,439.3672401,1072.752594,0.169698692,74.5600458,0.108341453,0.57122022,44.03845039,0.574300406,2.201922519,74.94947664,1077.436936
624,43.83512301,2.19175615,438.3512301,1068.092591,0.169210013,74.1734172,0.108012189,0.568167311,43.93672401,0.57122022,2.1968362,74.5600458,1072.752594
625,43.7336487,2.186682435,437.336487,1063.456753,0.168724915,73.7895614,0.107686208,0.565141297,43.83512301,0.568167311,2.19175615,74.1734172,1068.092591
626,43.63230238,2.181615119,436.3230238,1058.844905,0.168243355,73.40844937,0.107363461,0.562141802,43.7336487,0.565141297,2.186682435,73.7895614,1063.456753
627,43.5310853,2.176554265,435.310853,1054.256877,0.167765292,73.03005249,0.1070439,0.559168459,43.63230238,0.562141802,2.181615119,73.40844937,1058.844905
628,43.42999869,2.171499934,434.2999869,1049.692499,0.167290686,72.65434257,0.106727478,0.556220906,43.5310853,0.559168459,2.176554265,73.03005249,1054.256877
629,43.32904375,2.166452187,433.2904375,1045.151602,0.166819495,72.2812918,0.106414147,0.55329879,43.42999869,0.556220906,2.171499934,72.65434257,1049.692499
630,43.22822166,2.161411083,432.2822166,1040.634021,0.16635168,71.9108728,0.106103864,0.550401762,43.32904375,0.55329879,2.166452187,72.2812918,1045.151602
631,43.12753358,2.156376679,431.2753358,1036.139592,0.165887202,71.54305855,0.105796583,0.547529481,43.22822166,0.550401762,2.161411083,71.9108728,1040.634021
632,43.02698063,2.151349031,430.2698063,1031.668151,0.165426022,71.17782241,0.10549226,0.544681613,43.12753358,0.547529481,2.156376679,71.54305855,1036.139592
633,42.92656391,2.146328196,429.2656391,1027.219537,0.164968103,70.81513814,0.105190854,0.541857829,43.02698063,0.544681613,2.151349031,71.17782241,1031.668151
634,42.82628452,2.141314226,428.2628452,1022.793591,0.164513407,70.45497985,0.104892321,0.539057806,42.92656391,0.541857829,2.146328196,70.81513814,1027.219537
635,42.72614349,2.136307175,427.2614349,1018.390154,0.164061898,70.09732202,0.104596621,0.536281227,42.82628452,0.539057806,2.141314226,70.45497985,1022.793591
636,42.62614187,2.131307093,426.2614187,1014.009072,0.16361354,69.74213948,0.104303713,0.533527782,42.72614349,0.536281227,2.136307175,70.09732202,1018.390154
637,42.52628066,2.126314033,425.2628066,1009.650188,0.163168296,69.38940741,0.104013557,0.530797165,42.62614187,0.533527782,2.131307093,69.74213948,1014.009072
638,42.42656086,2.121328043,424.2656086,1005.31335,0.162726132,69.03910134,0.103726114,0.528089076,42.52628066,0.530797165,2.126314033,69.38940741,1009.650188
639,42.32698342,2.116349171,423.2698342,1000.998406,0.162287013,68.69119711,0.103441347,0.52540322,42.42656086,0.528089076,2.121328043,69.03910134,1005.31335
640,42.2275493,2.111377465,422.275493,996.7052065,0.161850906,68.34567094,0.103159217,0.52273931,42.32698342,0.52540322,2.116349171,68.69119711,1000.998406
641,42.12825942,2.106412971,421.2825942,992.4336021,0.161417776,68.00249933,0.102879687,0.52009706,42.2275493,0.52273931,2.111377465,68.34567094,996.7052065
642,42.02911467,2.101455734,420.2911467,988.1834459,0.160987591,67.66165913,0.102602723,0.517476191,42.12825942,0.52009706,2.106412971,68.00249933,992.4336021
643,41.93011595,2.096505797,419.3011595,983.9545922,0.160560318,67.32312747,0.102328286,0.51487643,42.02911467,0.517476191,2.101455734,67.66165913,988.1834459
644,41.83126411,2.091563206,418.3126411,979.7468967,0.160135925,66.98688183,0.102056344,0.512297507,41.93011595,0.51487643,2.096505797,67.32312747,983.9545922
645,41.73256001,2.086628,417.3256001,975.5602166,0.159714381,66.65289996,0.101786862,0.509739158,41.83126411,0.512297507,2.091563206,66.98688183,979.7468967
646,41.63400446,2.081700223,416.3400446,971.3944104,0.159295655,66.32115993,0.101519805,0.507201123,41.73256001,0.509739158,2.086628,66.65289996,975.5602166
647,41.53559826,2.076779913,415.3559826,967.2493379,0.158879715,65.99164009,0.101255142,0.504683146,41.63400446,0.507201123,2.081700223,66.32115993,971.3944104
648,41.43734221,2.071867111,414.3734221,963.1248604,0.158466532,65.66431908,0.100992838,0.502184977,41.53559826,0.504683146,2.076779913,65.99164009,967.2493379
649,41.33923708,2.066961854,413.3923708,959.0208404,0.158056076,65.33917582,0.100732864,0.499706368,41.43734221,0.502184977,2.071867111,65.66431908,963.1248604
650,41.24128361,2.062064181,412.4128361,954.9371419,0.157648317,65.01618952,0.100475186,0.497247078,41.33923708,0.499706368,2.066961854,65.33917582,959.0208404
651,41.14348254,2.057174127,411.4348254,950.8736301,0.157243227,64.69533966,0.100219775,0.494806867,41.24128361,0.497247078,2.062064181,65.01618952,954.9371419
652,41.04583459,2.052291729,410.4583459,946.8301714,0.156840777,64.37660598,0.0999666,0.492385503,41.14348254,0.494806867,2.057174127,64.69533966,950.8736301
653,40.94834045,2.047417023,409.4834045,942.8066335,0.156440939,64.05996849,0.099715631,0.489982754,41.04583459,0.492385503,2.052291729,64.37660598,946.8301714
654,40.85100081,2.04255004,408.5100081,938.8028855,0.156043686,63.74540747,0.09946684,0.487598394,40.94834045,0.489982754,2.047417023,64.05996849,942.8066335
655,40.75381633,2.037690817,407.5381633,934.8187975,0.15564899,63.43290343,0.099220197,0.4852322,40.85100081,0.487598394,2.04255004,63.74540747,938.8028855
656,40.65678767,2.032839383,406.5678767,930.854241,0.155256824,63.12243717,0.098975674,0.482883955,40.75381633,0.4852322,2.037690817,63.43290343,934.8187975
657,40.55991545,2.027995773,405.5991545,926.9090887,0.154867161,62.81398969,0.098733244,0.480553441,40.65678767,0.482883955,2.032839383,63.12243717,930.854241
658,40.46320031,2.023160015,404.6320031,922.9832143,0.154479976,62.50754227,0.098492879,0.478240449,40.55991545,0.480553441,2.027995773,62.81398969,926.9090887
659,40.36664283,2.018332142,403.6664283,919.076493,0.154095243,62.20307643,0.098254552,0.475944769,40.46320031,0.478240449,2.023160015,62.50754227,922.9832143
660,40.27024362,2.013512181,402.7024362,915.1888007,0.153712936,61.90057389,0.098018237,0.473666196,40.36664283,0.475944769,2.018332142,62.20307643,919.076493
661,40.17400325,2.008700162,401.7400325,911.3200148,0.15333303,61.60001665,0.097783909,0.471404531,40.27024362,0.473666196,2.013512181,61.90057389,915.1888007
662,40.07792227,2.003896114,400.7792227,907.4700138,0.152955501,61.30138689,0.097551542,0.469159573,40.17400325,0.471404531,2.008700162,61.60001665,911.3200148
663,39.98200124,1.999100062,399.8200124,903.6386771,0.152580324,61.00466705,0.09732111,0.466931129,40.07792227,0.469159573,2.003896114,61.30138689,907.4700138
664,39.88624068,1.994312034,398.8624068,899.8258854,0.152207475,60.70983978,0.097092589,0.464719007,39.98200124,0.466931129,1.999100062,61.00466705,903.6386771
665,39.79064112,1.989532056,397.9064112,896.0315204,0.15183693,60.41688794,0.096865956,0.462523017,39.88624068,0.464719007,1.994312034,60.70983978,899.8258854
666,39.69520305,1.984760153,396.9520305,892.2554649,0.151468666,60.12579461,0.096641185,0.460342976,39.79064112,0.462523017,1.989532056,60.41688794,896.0315204
667,39.59992698,1.979996349,395.9992698,888.4976027,0.15110266,59.83654308,0.096418254,0.458178699,39.69520305,0.460342976,1.984760153,60.12579461,892.2554649
668,39.50481337,1.975240669,395.0481337,884.7578188,0.150738889,59.54911683,0.09619714,0.456030007,39.59992698,0.458178699,1.979996349,59.83654308,888.4976027
669,39.40986271,1.970493135,394.0986271,881.035999,0.150377331,59.26349958,0.095977819,0.453896723,39.50481337,0.456030007,1.975240669,59.54911683,884.7578188
670,39.31507543,1.965753772,393.1507543,877.3320303,0.150017963,58.97967522,0.095760271,0.451778673,39.40986271,0.453896723,1.970493135,59.26349958,881.035999
671,39.22045199,1.961022599,392.2045199,873.6458006,0.149660763,58.69762785,0.095544472,0.449675686,39.31507543,0.451778673,1.965753772,58.97967522,877.3320303
672,39.12599281,1.95629964,391.2599281,869.9771988,0.149305711,58.41734176,0.095330402,0.447587593,39.22045199,0.449675686,1.961022599,58.69762785,873.6458006
673,39.0316983,1.951584915,390.316983,866.326115,0.148952784,58.13880142,0.095118038,0.445514227,39.12599281,0.447587593,1.95629964,58.41734176,869.9771988
674,38.93756889,1.946878444,389.3756889,862.6924399,0.148601963,57.86199152,0.094907361,0.443455427,39.0316983,0.445514227,1.951584915,58.13880142,866.326115
675,38.84360495,1.942180247,388.4360495,859.0760654,0.148253225,57.58689689,0.094698349,0.44141103,38.93756889,0.443455427,1.946878444,57.86199152,862.6924399
676,38.74980687,1.937490344,387.4980687,855.4768844,0.14790655,57.31350259,0.094490982,0.439380878,38.84360495,0.44141103,1.942180247,57.58689689,859.0760654
677,38.65617503,1.932808751,386.5617503,851.8947905,0.147561919,57.04179383,0.094285241,0.437364815,38.74980687,0.439380878,1.937490344,57.31350259,855.4768844
678,38.56270978,1.928135489,385.6270978,848.3296783,0.147219312,56.771756,0.094081106,0.435362687,38.65617503,0.437364815,1.932808751,57.04179383,851.8947905
679,38.46941148,1.923470574,384.6941148,844.7814436,0.146878708,56.50337466,0.093878558,0.433374344,38.56270978,0.435362687,1.928135489,56.771756,848.3296783
680,38.37628047,1.918814023,383.7628047,841.2499827,0.146540089,56.23663556,0.093677577,0.431399635,38.46941148,0.433374344,1.923470574,56.50337466,844.7814436
681,38.28331707,1.914165853,382.8331707,837.7351929,0.146203435,55.97152461,0.093478145,0.429438415,38.37628047,0.431399635,1.918814023,56.23663556,841.2499827
682,38.1905216,1.90952608,381.905216,834.2369727,0.145868727,55.70802787,0.093280244,0.427490539,38.28331707,0.429438415,1.914165853,55.97152461,837.7351929
683,38.09789438,1.904894719,380.9789438,830.7552209,0.145535948,55.44613159,0.093083855,0.425555865,38.1905216,0.427490539,1.90952608,55.70802787,834.2369727
684,38.0054357,1.900271785,380.054357,827.2898377,0.145205077,55.18582216,0.092888961,0.423634251,38.09789438,0.425555865,1.904894719,55.44613159,830.7552209
685,37.91314586,1.895657293,379.1314586,823.8407238,0.144876097,54.92708614,0.092695544,0.421725561,38.0054357,0.423634251,1.900271785,55.18582216,827.2898377
686,37.82102513,1.891051256,378.2102513,820.4077809,0.144548991,54.66991024,0.092503587,0.419829658,37.91314586,0.421725561,1.895657293,54.92708614,823.8407238
687,37.72907378,1.886453689,377.2907378,816.9909115,0.14422374,54.41428134,0.092313073,0.417946407,37.82102513,0.419829658,1.891051256,54.66991024,820.4077809
688,37.63729207,1.881864604,376.3729207,813.590019,0.143900327,54.16018645,0.092123985,0.416075678,37.72907378,0.417946407,1.886453689,54.41428134,816.9909115
689,37.54568026,1.877284013,375.4568026,810.2050073,0.143578735,53.90761275,0.091936306,0.414217338,37.63729207,0.416075678,1.881864604,54.16018645,813.590019
690,37.4542386,1.87271193,374.542386,806.8357815,0.143258946,53.65654754,0.091750021,0.412371262,37.54568026,0.414217338,1.877284013,53.90761275,810.2050073
691,37.3629673,1.868148365,373.629673,803.4822473,0.142940944,53.40697828,0.091565113,0.410537321,37.4542386,0.412371262,1.87271193,53.65654754,806.8357815
692,37.27186661,1.863593331,372.7186661,800.1443111,0.142624712,53.1588926,0.091381567,0.408715391,37.3629673,0.410537321,1.868148365,53.40697828,803.4822473
693,37.18093674,1.859046837,371.8093674,796.8218804,0.142310234,52.91227822,0.091199367,0.40690535,37.27186661,0.408715391,1.863593331,53.1588926,800.1443111
694,37.0901779,1.854508895,370.901779,793.514863,0.141997494,52.66712303,0.091018498,0.405107076,37.18093674,0.40690535,1.859046837,52.91227822,796.8218804
695,36.99959029,1.849979514,369.9959029,790.2231678,0.141686475,52.42341507,0.090838945,0.40332045,37.0901779,0.405107076,1.854508895,52.66712303,793.514863
696,36.90917409,1.845458705,369.0917409,786.9467043,0.141377161,52.18114247,0.090660693,0.401545355,36.99959029,0.40332045,1.849979514,52.42341507,790.2231678
697,36.81892951,1.840946475,368.1892951,783.6853829,0.141069537,51.94029353,0.090483727,0.399781674,36.90917409,0.401545355,1.845458705,52.18114247,786.9467043
698,36.72885671,1.836442835,367.2885671,780.4391146,0.140763588,51.70085667,0.090308032,0.398029294,36.81892951,0.399781674,1.840946475,51.94029353,783.6853829
699,36.63895586,1.831947793,366.3895586,777.207811,0.140459299,51.46282045,0.090133596,0.396288102,36.72885671,0.398029294,1.836442835,51.70085667,780.4391146
700,36.54922713,1.827461357,365.4922713,773.9913848,0.140156653,51.22617353,0.089960403,0.394557986,36.63895586,0.396288102,1.831947793,51.46282045,777.207811
701,36.45967067,1.822983534,364.5967067,770.7897489,0.139855637,50.99090472,0.089788441,0.392838837,36.54922713,0.394557986,1.827461357,51.22617353,773.9913848
702,36.37028663,1.818514331,363.7028663,767.6028174,0.139556236,50.75700294,0.089617694,0.391130547,36.45967067,0.392838837,1.822983534,50.99090472,770.7897489
703,36.28107514,1.814053757,362.8107514,764.4305047,0.139258434,50.52445724,0.089448151,0.38943301,36.37028663,0.391130547,1.818514331,50.75700294,767.6028174
704,36.19203635,1.809601817,361.9203635,761.2727261,0.138962219,50.29325679,0.089279797,0.38774612,36.28107514,0.38943301,1.814053757,50.52445724,764.4305047
705,36.10317036,1.805158518,361.0317036,758.1293976,0.138667575,50.06339088,0.089112621,0.386069775,36.19203635,0.38774612,1.809601817,50.29325679,761.2727261
706,36.01447732,1.800723866,360.1447732,755.0004356,0.138374489,49.8348489,0.088946608,0.384403871,36.10317036,0.386069775,1.805158518,50.06339088,758.1293976
707,35.92595732,1.796297866,359.2595732,751.8857576,0.138082946,49.60762038,0.088781746,0.382748308,36.01447732,0.384403871,1.800723866,49.8348489,755.0004356
708,35.83761047,1.791880524,358.3761047,748.7852813,0.137792934,49.38169495,0.088618024,0.381102987,35.92595732,0.382748308,1.796297866,49.60762038,751.8857576
709,35.74943687,1.787471844,357.4943687,745.6989254,0.137504438,49.15706236,0.088455428,0.37946781,35.83761047,0.381102987,1.791880524,49.38169495,748.7852813
710,35.66143662,1.783071831,356.6143662,742.626609,0.137217446,48.93371244,0.088293947,0.377842679,35.74943687,0.37946781,1.787471844,49.15706236,745.6989254
711,35.5736098,1.77868049,355.736098,739.5682519,0.136931943,48.71163518,0.088133568,0.376227501,35.66143662,0.377842679,1.783071831,48.93371244,742.626609
712,35.48595649,1.774297824,354.8595649,736.5237747,0.136647918,48.49082063,0.087974281,0.374622179,35.5736098,0.376227501,1.77868049,48.71163518,739.5682519
713,35.39847676,1.769923838,353.9847676,733.4930985,0.136365356,48.27125898,0.087816072,0.373026622,35.48595649,0.374622179,1.774297824,48.49082063,736.5237747
714,35.31117068,1.765558534,353.1117068,730.4761448,0.136084246,48.05294051,0.087658931,0.371440739,35.39847676,0.373026622,1.769923838,48.27125898,733.4930985
715,35.22403832,1.761201916,352.2403832,727.472836,0.135804575,47.8358556,0.087502847,0.369864438,35.31117068,0.371440739,1.765558534,48.05294051,730.4761448
716,35.13707973,1.756853987,351.3707973,724.483095,0.13552633,47.61999474,0.087347809,0.36829763,35.22403832,0.369864438,1.761201916,47.8358556,727.472836
717,35.05029496,1.752514748,350.5029496,721.5068453,0.135249499,47.4053485,0.087193804,0.366740228,35.13707973,0.36829763,1.756853987,47.61999474,724.483095
718,34.96368405,1.748184203,349.6368405,718.5440111,0.134974071,47.19190759,0.087040824,0.365192144,35.05029496,0.366740228,1.752514748,47.4053485,721.5068453
719,34.87724705,1.743862352,348.7724705,715.5945168,0.134700032,46.97966277,0.086888856,0.363653293,34.96368405,0.365192144,1.748184203,47.19190759,718.5440111
720,34.79098398,1.739549199,347.9098398,712.6582879,0.13442737,46.76860493,0.086737891,0.36212359,34.87724705,0.363653293,1.743862352,46.97966277,715.5945168
721,34.70489488,1.735244744,347.0489488,709.7352501,0.134156076,46.55872504,0.086587918,0.360602952,34.79098398,0.36212359,1.739549199,46.76860493,712.6582879
722,34.61897977,1.730948988,346.1897977,706.8253298,0.133886136,46.35001417,0.086438927,0.359091296,34.70489488,0.360602952,1.735244744,46.55872504,709.7352501
723,34.53323866,1.726661933,345.3323866,703.9284539,0.133617539,46.14246347,0.086290908,0.357588541,34.61897977,0.359091296,1.730948988,46.35001417,706.8253298
724,34.44767158,1.722383579,344.4767158,701.0445499,0.133350273,45.93606421,0.08614385,0.356094607,34.53323866,0.357588541,1.726661933,46.14246347,703.9284539
725,34.36227851,1.718113926,343.6227851,698.1735459,0.133084329,45.73080771,0.085997745,0.354609414,34.44767158,0.356094607,1.722383579,45.93606421,701.0445499
726,34.27705948,1.713852974,342.7705948,695.3153704,0.132819694,45.52668541,0.085852581,0.353132884,34.36227851,0.354609414,1.718113926,45.73080771,698.1735459
727,34.19201448,1.709600724,341.9201448,692.4699526,0.132556357,45.32368883,0.085708351,0.35166494,34.27705948,0.353132884,1.713852974,45.52668541,695.3153704
728,34.10714349,1.705357175,341.0714349,689.637222,0.132294308,45.12180956,0.085565044,0.350205506,34.19201448,0.35166494,1.709600724,45.32368883,692.4699526
729,34.02244651,1.701122326,340.2244651,686.8171089,0.132033536,44.92103931,0.08542265,0.348754506,34.10714349,0.350205506,1.705357175,45.12180956,689.637222
730,33.93792352,1.696896176,339.3792352,684.009544,0.131774031,44.72136983,0.085281162,0.347311865,34.02244651,0.348754506,1.701122326,44.92103931,686.8171089
731,33.8535745,1.692678725,338.535745,681.2144584,0.131515781,44.52279299,0.085140569,0.345877511,33.93792352,0.347311865,1.696896176,44.72136983,684.009544
732,33.76939943,1.688469971,337.6939943,678.4317838,0.131258777,44.32530072,0.085000863,0.344451371,33.8535745,0.345877511,1.692678725,44.52279299,681.2144584
733,33.68539826,1.684269913,336.8539826,675.6614525,0.131003008,44.12888505,0.084862035,0.343033373,33.76939943,0.344451371,1.688469971,44.32530072,678.4317838
734,33.60157098,1.680078549,336.0157098,672.9033972,0.130748464,43.93353807,0.084724076,0.341623447,33.68539826,0.343033373,1.684269913,44.12888505,675.6614525
735,33.51791754,1.675895877,335.1791754,670.1575511,0.130495136,43.73925197,0.084586978,0.340221523,33.60157098,0.341623447,1.680078549,43.93353807,672.9033972
736,33.43443789,1.671721894,334.3443789,667.4238478,0.130243012,43.54601899,0.084450732,0.338827531,33.51791754,0.340221523,1.675895877,43.73925197,670.1575511
737,33.35113199,1.6675566,333.5113199,664.7022216,0.129992084,43.35383147,0.08431533,0.337441403,33.43443789,0.338827531,1.671721894,43.54601899,667.4238478
738,33.26799979,1.66339999,332.6799979,661.9926072,0.129742341,43.16268181,0.084180763,0.336063073,33.35113199,0.337441403,1.6675566,43.35383147,664.7022216
739,33.18504124,1.659252062,331.8504124,659.2949396,0.129493775,42.97256251,0.084047024,0.334692474,33.26799979,0.336063073,1.66339999,43.16268181,661.9926072
740,33.10225626,1.655112813,331.0225626,656.6091544,0.129246375,42.78346612,0.083914104,0.33332954,33.18504124,0.334692474,1.659252062,42.97256251,659.2949396
741,33.01964481,1.65098224,330.1964481,653.9351878,0.129000132,42.59538527,0.083781995,0.331974206,33.10225626,0.33332954,1.655112813,42.78346612,656.6091544
742,32.9372068,1.64686034,329.372068,651.2729762,0.128755037,42.40831265,0.08365069,0.330626408,33.01964481,0.331974206,1.65098224,42.59538527,653.9351878
743,32.85494218,1.642747109,328.5494218,648.6224567,0.12851108,42.22224106,0.08352018,0.329286083,32.9372068,0.330626408,1.64686034,42.40831265,651.2729762
744,32.77285087,1.638642543,327.7285087,645.9835666,0.128268253,42.03716332,0.083390459,0.327953168,32.85494218,0.329286083,1.642747109,42.22224106,648.6224567
745,32.69093278,1.634546639,326.9093278,643.3562439,0.128026547,41.85307235,0.083261518,0.326627602,32.77285087,0.327953168,1.638642543,42.03716332,645.9835666
746,32.60918784,1.630459392,326.0918784,640.7404269,0.127785952,41.66996114,0.08313335,0.325309323,32.69093278,0.326627602,1.634546639,41.85307235,643.3562439
747,32.52761596,1.626380798,325.2761596,638.1360543,0.12754646,41.48782274,0.083005948,0.323998271,32.60918784,0.325309323,1.630459392,41.66996114,640.7404269
748,32.44621706,1.622310853,324.4621706,635.5430654,0.127308062,41.30665025,0.082879304,0.322694387,32.52761596,0.323998271,1.626380798,41.48782274,638.1360543
749,32.36499103,1.618249551,323.6499103,632.9613997,0.12707075,41.12643687,0.082753412,0.321397611,32.44621706,0.322694387,1.622310853,41.30665025,635.5430654
750,32.28393778,1.614196889,322.8393778,630.3909974,0.126834515,40.94717583,0.082628263,0.320107885,32.36499103,0.321397611,1.618249551,41.12643687,632.9613997
751,32.20305722,1.610152861,322.0305722,627.8317989,0.126599348,40.76886046,0.082503852,0.318825152,32.28393778,0.320107885,1.614196889,40.94717583,630.3909974
752,32.12234924,1.606117462,321.2234924,625.2837452,0.126365241,40.59148413,0.082380171,0.317549355,32.20305722,0.318825152,1.610152861,40.76886046,627.8317989
753,32.04181373,1.602090686,320.4181373,622.7467774,0.126132187,40.41504028,0.082257213,0.316280437,32.12234924,0.317549355,1.606117462,40.59148413,625.2837452
754,31.96145059,1.598072529,319.6145059,620.2208374,0.125900176,40.2395224,0.082134972,0.315018343,32.04181373,0.316280437,1.602090686,40.41504028,622.7467774
755,31.8812597,1.594062985,318.812597,617.7058672,0.1256692,40.06492406,0.082013441,0.313763018,31.96145059,0.315018343,1.598072529,40.2395224,620.2208374
756,31.80124095,1.590062048,318.0124095,615.2018095,0.125439252,39.89123888,0.081892614,0.312514408,31.8812597,0.313763018,1.594062985,40.06492406,617.7058672
757,31.72139423,1.586069711,317.2139423,612.708607,0.125210324,39.71846054,0.081772483,0.311272459,31.80124095,0.312514408,1.590062048,39.89123888,615.2018095
758,31.6417194,1.58208597,316.417194,610.2262033,0.124982408,39.54658279,0.081653042,0.310037118,31.72139423,0.311272459,1.586069711,39.71846054,612.708607
759,31.56221635,1.578110817,315.6221635,607.7545418,0.124755496,39.37559943,0.081534286,0.308808333,31.6417194,0.310037118,1.58208597,39.54658279,610.2262033
760,31.48288494,1.574144247,314.8288494,605.2935669,0.12452958,39.2055043,0.081416208,0.307586052,31.56221635,0.308808333,1.578110817,39.37559943,607.7545418
761,31.40372505,1.570186253,314.0372505,602.8432228,0.124304653,39.03629133,0.081298801,0.306370223,31.48288494,0.307586052,1.574144247,39.2055043,605.2935669
762,31.32473655,1.566236828,313.2473655,600.4034546,0.124080707,38.86795448,0.08118206,0.305160795,31.40372505,0.306370223,1.570186253,39.03629133,602.8432228
763,31.2459193,1.562295965,312.459193,597.9742075,0.123857735,38.70048779,0.081065978,0.30395772,31.32473655,0.305160795,1.566236828,38.86795448,600.4034546
764,31.16727316,1.558363658,311.6727316,595.555427,0.123635729,38.53388533,0.080950549,0.302760946,31.2459193,0.30395772,1.562295965,38.70048779,597.9742075
765,31.08879799,1.554439899,310.8879799,593.1470592,0.123414682,38.36814124,0.080835769,0.301570426,31.16727316,0.302760946,1.558363658,38.53388533,595.555427
766,31.01049365,1.550524682,310.1049365,590.7490503,0.123194587,38.2032497,0.08072163,0.30038611,31.08879799,0.301570426,1.554439899,38.36814124,593.1470592
767,30.93235999,1.546617999,309.3235999,588.3613472,0.122975437,38.03920497,0.080608127,0.299207951,31.01049365,0.30038611,1.550524682,38.2032497,590.7490503
768,30.85439686,1.542719843,308.5439686,585.9838969,0.122757225,37.87600132,0.080495254,0.298035902,30.93235999,0.299207951,1.546617999,38.03920497,588.3613472
769,30.77660411,1.538830206,307.7660411,583.6166468,0.122539943,37.71363312,0.080383006,0.296869914,30.85439686,0.298035902,1.542719843,37.87600132,585.9838969
770,30.69898159,1.53494908,306.9898159,581.2595448,0.122323585,37.55209476,0.080271377,0.295709943,30.77660411,0.296869914,1.538830206,37.71363312,583.6166468
771,30.62152915,1.531076457,306.2152915,578.9125388,0.122108143,37.39138068,0.080160362,0.294555943,30.69898159,0.295709943,1.53494908,37.55209476,581.2595448
772,30.54424662,1.527212331,305.4424662,576.5755776,0.121893612,37.23148538,0.080049955,0.293407867,30.62152915,0.294555943,1.531076457,37.39138068,578.9125388
773,30.46713384,1.523356692,304.6713384,574.2486097,0.121679983,37.07240342,0.07994015,0.292265672,30.54424662,0.293407867,1.527212331,37.23148538,576.5755776
774,30.39019065,1.519509532,303.9019065,571.9315845,0.121467252,36.91412938,0.079830944,0.291129312,30.46713384,0.292265672,1.523356692,37.07240342,574.2486097
775,30.31341688,1.515670844,303.1341688,569.6244514,0.12125541,36.75665791,0.079722329,0.289998744,30.39019065,0.291129312,1.519509532,36.91412938,571.9315845
776,30.23681238,1.511840619,302.3681238,567.3271603,0.121044452,36.59998371,0.079614302,0.288873924,30.31341688,0.289998744,1.515670844,36.75665791,569.6244514
777,30.16037696,1.508018848,301.6037696,565.0396613,0.12083437,36.44410151,0.079506856,0.28775481,30.23681238,0.288873924,1.511840619,36.59998371,567.3271603
778,30.08411046,1.504205523,300.8411046,562.761905,0.120625159,36.2890061,0.079399988,0.28664136,30.16037696,0.28775481,1.508018848,36.44410151,565.0396613
779,30.0080127,1.500400635,300.080127,560.4938421,0.120416812,36.13469231,0.079293691,0.28553353,30.08411046,0.28664136,1.504205523,36.2890061,562.761905
780,29.9320835,1.496604175,299.320835,558.2354238,0.120209323,35.98115501,0.079187961,0.28443128,30.0080127,0.28553353,1.500400635,36.13469231,560.4938421
781,29.8563227,1.492816135,298.563227,555.9866016,0.120002686,35.82838914,0.079082793,0.283334568,29.9320835,0.28443128,1.496604175,35.98115501,558.2354238
782,29.7807301,1.489036505,297.807301,553.7473273,0.119796894,35.67638966,0.078978183,0.282243353,29.8563227,0.283334568,1.492816135,35.82838914,555.9866016
783,29.70530553,1.485265276,297.0530553,551.517553,0.119591941,35.52515158,0.078874125,0.281157596,29.7807301,0.282243353,1.489036505,35.67638966,553.7473273
784,29.6300488,1.48150244,296.300488,549.297231,0.119387822,35.37466995,0.078770614,0.280077257,29.70530553,0.281157596,1.485265276,35.52515158,551.517553
785,29.55495972,1.477747986,295.5495972,547.0863141,0.11918453,35.22493987,0.078667647,0.279002296,29.6300488,0.280077257,1.48150244,35.37466995,549.297231
786,29.48003812,1.474001906,294.8003812,544.8847554,0.118982059,35.07595648,0.078565218,0.277932674,29.55495972,0.279002296,1.477747986,35.22493987,547.0863141
787,29.40528379,1.47026419,294.0528379,542.6925081,0.118780404,34.92771497,0.078463322,0.276868352,29.48003812,0.277932674,1.474001906,35.07595648,544.8847554
788,29.33069655,1.466534828,293.3069655,540.5095259,0.118579559,34.78021056,0.078361957,0.275809292,29.40528379,0.276868352,1.47026419,34.92771497,542.6925081
789,29.2562762,1.46281381,292.562762,538.3357627,0.118379517,34.63343851,0.078261115,0.274755457,29.33069655,0.275809292,1.466534828,34.78021056,540.5095259
790,29.18202256,1.459101128,291.8202256,536.1711728,0.118180274,34.48739413,0.078160795,0.273706809,29.2562762,0.274755457,1.46281381,34.63343851,538.3357627
791,29.10793541,1.455396771,291.0793541,534.0157107,0.117981823,34.34207277,0.07806099,0.272663311,29.18202256,0.273706809,1.459101128,34.48739413,536.1711728
792,29.03401457,1.451700729,290.3401457,531.8693312,0.117784159,34.19746981,0.077961697,0.271624926,29.10793541,0.272663311,1.455396771,34.34207277,534.0157107
793,28.96025983,1.448012992,289.6025983,529.7319893,0.117587276,34.05358067,0.077862912,0.270591619,29.03401457,0.271624926,1.451700729,34.19746981,531.8693312
794,28.886671,1.44433355,288.86671,527.6036405,0.117391169,33.91040082,0.077764629,0.269563352,28.96025983,0.270591619,1.448012992,34.05358067,529.7319893
795,28.81324786,1.440662393,288.1324786,525.4842405,0.117195833,33.76792577,0.077666846,0.268540091,28.886671,0.269563352,1.44433355,33.91040082,527.6036405
796,28.73999022,1.436999511,287.3999022,523.3737451,0.117001261,33.62615105,0.077569558,0.2675218,28.81324786,0.268540091,1.440662393,33.76792577,525.4842405
797,28.66689786,1.433344893,286.6689786,521.2721106,0.11680745,33.48507225,0.07747276,0.266508445,28.73999022,0.2675218,1.436999511,33.62615105,523.3737451
798,28.59397058,1.429698529,285.9397058,519.1792936,0.116614392,33.34468497,0.07737645,0.265499991,28.66689786,0.266508445,1.433344893,33.48507225,521.2721106
799,28.52120817,1.426060409,285.2120817,517.0952508,0.116422084,33.20498487,0.077280622,0.264496404,28.59397058,0.265499991,1.429698529,33.34468497,519.1792936